{
  "run_id": "synthetic-clean-unary-p256-c16-rep1",
  "stage": "sink",
  "completed": true,
  "messages_received": 20000,
  "bytes_received": 5120000,
  "duration_seconds": 3.415318794,
  "throughput_messages_per_second": 5855.968712243148,
  "throughput_megabytes_per_second": 1.4296798613874873,
  "p50_latency_ms": 0.647533,
  "p95_latency_ms": 3.162133,
  "p99_latency_ms": 20.577516,
  "max_latency_ms": 69.071013,
  "started_at_unix_nano": 1777110695641682605,
  "finished_at_unix_nano": 1777110699018585551,
  "transport_mode": "unary",
  "mean_inter_arrival_ms": 0.1688535899794989,
  "p95_inter_arrival_ms": 0.703725,
  "inter_arrival_jitter_ms": 1.4238906885727887
}
