{
  "run_id": "synthetic-clean-unary-p256-c4-rep1",
  "stage": "sink",
  "completed": true,
  "messages_received": 20000,
  "bytes_received": 5120000,
  "duration_seconds": 6.841290296,
  "throughput_messages_per_second": 2923.4251339537072,
  "throughput_megabytes_per_second": 0.7137268393441668,
  "p50_latency_ms": 0.374301,
  "p95_latency_ms": 0.800602,
  "p99_latency_ms": 12.08754,
  "max_latency_ms": 41.946937,
  "started_at_unix_nano": 1777110599561149474,
  "finished_at_unix_nano": 1777110606352059105,
  "transport_mode": "unary",
  "mean_inter_arrival_ms": 0.3395624646732396,
  "p95_inter_arrival_ms": 0.794202,
  "inter_arrival_jitter_ms": 2.104489133464997
}
