{
  "run_id": "synthetic-clean-unary-p16384-c4-rep1",
  "stage": "sink",
  "completed": true,
  "messages_received": 20000,
  "bytes_received": 327680000,
  "duration_seconds": 9.190530523,
  "throughput_messages_per_second": 2176.1529380647266,
  "throughput_megabytes_per_second": 34.002389657261354,
  "p50_latency_ms": 0.445317,
  "p95_latency_ms": 0.89265,
  "p99_latency_ms": 2.90785,
  "max_latency_ms": 62.803491,
  "started_at_unix_nano": 1777111216815883053,
  "finished_at_unix_nano": 1777111225962645676,
  "transport_mode": "unary",
  "mean_inter_arrival_ms": 0.45736099919995804,
  "p95_inter_arrival_ms": 0.836459,
  "inter_arrival_jitter_ms": 3.7427164379667786
}
