{
  "run_id": "synthetic-clean-rmqs-p256-c1-rep1",
  "stage": "sink",
  "completed": true,
  "messages_received": 20000,
  "bytes_received": 5120000,
  "duration_seconds": 0.63227046,
  "throughput_messages_per_second": 31632.032911991493,
  "throughput_megabytes_per_second": 7.722664285154173,
  "p50_latency_ms": 164.84334,
  "p95_latency_ms": 261.767822,
  "p99_latency_ms": 263.460998,
  "max_latency_ms": 264.162889,
  "started_at_unix_nano": 1777111379258016245,
  "finished_at_unix_nano": 1777111379850433980,
  "transport_mode": "rabbitmq-streams",
  "mean_inter_arrival_ms": 0.029622367868385534,
  "p95_inter_arrival_ms": 0.000642,
  "inter_arrival_jitter_ms": 1.0181024726227177
}
