{
  "run_id": "synthetic-clean-stream-p256-c16-rep1",
  "stage": "sink",
  "completed": true,
  "messages_received": 20000,
  "bytes_received": 5120000,
  "duration_seconds": 0.2001851,
  "throughput_messages_per_second": 99907.53557582457,
  "throughput_megabytes_per_second": 24.391488177691546,
  "p50_latency_ms": 34.472481,
  "p95_latency_ms": 97.642801,
  "p99_latency_ms": 99.126428,
  "max_latency_ms": 100.634988,
  "started_at_unix_nano": 1777110027879626838,
  "finished_at_unix_nano": 1777110028038490758,
  "transport_mode": "client-streaming",
  "mean_inter_arrival_ms": 0.00794359317965866,
  "p95_inter_arrival_ms": 0.003025,
  "inter_arrival_jitter_ms": 0.5560110471869832
}
