{
  "run_id": "synthetic-clean-nats-p16384-c4-rep1",
  "stage": "sink",
  "completed": true,
  "messages_received": 20000,
  "bytes_received": 327680000,
  "duration_seconds": 30.938950068,
  "throughput_messages_per_second": 646.434347514782,
  "throughput_megabytes_per_second": 10.100536679918468,
  "p50_latency_ms": 9230.103582,
  "p95_latency_ms": 11455.880738,
  "p99_latency_ms": 11550.74464,
  "max_latency_ms": 11625.147261,
  "started_at_unix_nano": 1777117784694027156,
  "finished_at_unix_nano": 1777117815554274704,
  "transport_mode": "nats-jetstream",
  "mean_inter_arrival_ms": 1.4068578860943033,
  "p95_inter_arrival_ms": 4.523841,
  "inter_arrival_jitter_ms": 5.5665924705248315
}
