{
  "run_id": "synthetic-clean-rmqs-p16384-c8",
  "stage": "sink",
  "completed": true,
  "messages_received": 20000,
  "bytes_received": 327680000,
  "duration_seconds": 42.936303183,
  "throughput_messages_per_second": 465.80628785756073,
  "throughput_megabytes_per_second": 7.2782232477743865,
  "p50_latency_ms": 200.43559,
  "p95_latency_ms": 407.182614,
  "p99_latency_ms": 598.828746,
  "max_latency_ms": 3105.34361,
  "started_at_unix_nano": 1776799286695843724,
  "finished_at_unix_nano": 1776799329484016043,
  "transport_mode": "rabbitmq-streams",
  "mean_inter_arrival_ms": 2.0032505793789674,
  "p95_inter_arrival_ms": 3.5904,
  "inter_arrival_jitter_ms": 7.276526642829237
}
