{
  "run_id": "synthetic-clean-kafka-p256-c1",
  "stage": "sink",
  "completed": true,
  "messages_received": 20000,
  "bytes_received": 5120000,
  "duration_seconds": 258.320117189,
  "throughput_messages_per_second": 77.42331575890002,
  "throughput_megabytes_per_second": 0.0189021766989502,
  "p50_latency_ms": 770.032551,
  "p95_latency_ms": 1416.855291,
  "p99_latency_ms": 4050.0532,
  "max_latency_ms": 28130.077288,
  "started_at_unix_nano": 1777114263765592759,
  "finished_at_unix_nano": 1777114521772994886,
  "transport_mode": "kafka",
  "mean_inter_arrival_ms": 11.810732488274434,
  "p95_inter_arrival_ms": 15.142233,
  "inter_arrival_jitter_ms": 2.42083088886238
}
