{
  "run_id": "synthetic-clean-unary-p4096-c16-rep1",
  "stage": "sink",
  "completed": true,
  "messages_received": 20000,
  "bytes_received": 81920000,
  "duration_seconds": 4.123653249,
  "throughput_messages_per_second": 4850.0683234823555,
  "throughput_megabytes_per_second": 18.94557938860295,
  "p50_latency_ms": 0.535792,
  "p95_latency_ms": 1.683641,
  "p99_latency_ms": 63.42499,
  "max_latency_ms": 74.517482,
  "started_at_unix_nano": 1777111102684342270,
  "finished_at_unix_nano": 1777111106763669645,
  "transport_mode": "unary",
  "mean_inter_arrival_ms": 0.20397656297814837,
  "p95_inter_arrival_ms": 0.448433,
  "inter_arrival_jitter_ms": 2.874575407678288
}
