{
  "run_id": "synthetic-clean-nats-p1024-c16-rep1",
  "stage": "sink",
  "completed": true,
  "messages_received": 20000,
  "bytes_received": 20480000,
  "duration_seconds": 16.340705932,
  "throughput_messages_per_second": 1223.9373306898576,
  "throughput_megabytes_per_second": 1.195251299501814,
  "p50_latency_ms": 4799.201634,
  "p95_latency_ms": 6314.362813,
  "p99_latency_ms": 6432.737381,
  "max_latency_ms": 6561.47294,
  "started_at_unix_nano": 1777117310694720247,
  "finished_at_unix_nano": 1777117326963935350,
  "transport_mode": "nats-jetstream",
  "mean_inter_arrival_ms": 0.8135014302215073,
  "p95_inter_arrival_ms": 2.913624,
  "inter_arrival_jitter_ms": 3.7724023231127584
}
