{
  "run_id": "synthetic-clean-unary-p1024-c16-rep1",
  "stage": "sink",
  "completed": true,
  "messages_received": 20000,
  "bytes_received": 20480000,
  "duration_seconds": 3.723282314,
  "throughput_messages_per_second": 5371.6044912301,
  "throughput_megabytes_per_second": 5.245707510966895,
  "p50_latency_ms": 0.46035,
  "p95_latency_ms": 1.769809,
  "p99_latency_ms": 47.725607,
  "max_latency_ms": 52.701549,
  "started_at_unix_nano": 1777110890977498572,
  "finished_at_unix_nano": 1777110894659607337,
  "transport_mode": "unary",
  "mean_inter_arrival_ms": 0.1841146485824287,
  "p95_inter_arrival_ms": 0.40315,
  "inter_arrival_jitter_ms": 2.161836004768579
}
