{
  "run_id": "synthetic-clean-rmqs-p1024-c16",
  "stage": "sink",
  "completed": true,
  "messages_received": 20000,
  "bytes_received": 20480000,
  "duration_seconds": 1.325313798,
  "throughput_messages_per_second": 15090.765696532799,
  "throughput_megabytes_per_second": 14.737075875520311,
  "p50_latency_ms": 584.81343,
  "p95_latency_ms": 786.572493,
  "p99_latency_ms": 812.39985,
  "max_latency_ms": 816.866217,
  "started_at_unix_nano": 1776802940554200940,
  "finished_at_unix_nano": 1776802941467773013,
  "transport_mode": "rabbitmq-streams",
  "mean_inter_arrival_ms": 0.04568088769437191,
  "p95_inter_arrival_ms": 0.000733,
  "inter_arrival_jitter_ms": 1.2565504955271678
}
