{
  "run_id": "synthetic-clean-stream-p1024-c16-rep1",
  "stage": "sink",
  "completed": true,
  "messages_received": 20000,
  "bytes_received": 20480000,
  "duration_seconds": 0.318165365,
  "throughput_messages_per_second": 62860.393368083925,
  "throughput_megabytes_per_second": 61.38710289851946,
  "p50_latency_ms": 47.492186,
  "p95_latency_ms": 99.319295,
  "p99_latency_ms": 126.454492,
  "max_latency_ms": 132.161756,
  "started_at_unix_nano": 1777110177369119945,
  "finished_at_unix_nano": 1777110177650840711,
  "transport_mode": "client-streaming",
  "mean_inter_arrival_ms": 0.01408674718736064,
  "p95_inter_arrival_ms": 0.006875,
  "inter_arrival_jitter_ms": 0.39589938206415914
}
