{
  "run_id": "synthetic-clean-nats-p4096-c1-rep3",
  "stage": "sink",
  "completed": true,
  "messages_received": 20000,
  "bytes_received": 81920000,
  "duration_seconds": 19.936323754,
  "throughput_messages_per_second": 1003.1939813370669,
  "throughput_megabytes_per_second": 3.9187264895979177,
  "p50_latency_ms": 4458.820648,
  "p95_latency_ms": 9362.952431,
  "p99_latency_ms": 9556.802879,
  "max_latency_ms": 9595.289498,
  "started_at_unix_nano": 1777120820237684619,
  "finished_at_unix_nano": 1777120840142249263,
  "transport_mode": "nats-jetstream",
  "mean_inter_arrival_ms": 0.8590198316915865,
  "p95_inter_arrival_ms": 1.000542,
  "inter_arrival_jitter_ms": 3.285454033004897
}
