{
  "run_id": "synthetic-clean-unary-p16384-c1-rep1",
  "stage": "sink",
  "completed": true,
  "messages_received": 20000,
  "bytes_received": 327680000,
  "duration_seconds": 22.239635205,
  "throughput_messages_per_second": 899.2953263686413,
  "throughput_megabytes_per_second": 14.05148947451002,
  "p50_latency_ms": 0.3242,
  "p95_latency_ms": 0.779,
  "p99_latency_ms": 4.0215,
  "max_latency_ms": 44.925099,
  "started_at_unix_nano": 1777111151872336962,
  "finished_at_unix_nano": 1777111174064746268,
  "transport_mode": "unary",
  "mean_inter_arrival_ms": 1.109675949097464,
  "p95_inter_arrival_ms": 1.5092,
  "inter_arrival_jitter_ms": 3.5578950363117627
}
