{
  "run_id": "synthetic-clean-rmqs-p1024-c8",
  "stage": "sink",
  "completed": true,
  "messages_received": 20000,
  "bytes_received": 20480000,
  "duration_seconds": 1.053340729,
  "throughput_messages_per_second": 18987.208459115795,
  "throughput_megabytes_per_second": 18.542195760855268,
  "p50_latency_ms": 479.294741,
  "p95_latency_ms": 681.51727,
  "p99_latency_ms": 757.49106,
  "max_latency_ms": 776.099026,
  "started_at_unix_nano": 1776802906412814307,
  "finished_at_unix_nano": 1776802907236688532,
  "transport_mode": "rabbitmq-streams",
  "mean_inter_arrival_ms": 0.04119577103854022,
  "p95_inter_arrival_ms": 0.000733,
  "inter_arrival_jitter_ms": 1.4019485137104517
}
