{
  "run_id": "synthetic-clean-unary-p4096-c4",
  "stage": "sink",
  "completed": true,
  "messages_received": 20000,
  "bytes_received": 81920000,
  "duration_seconds": 10.521113239,
  "throughput_messages_per_second": 1900.9395247133505,
  "throughput_megabytes_per_second": 7.425545018411525,
  "p50_latency_ms": 0.350259,
  "p95_latency_ms": 0.753867,
  "p99_latency_ms": 24.336398,
  "max_latency_ms": 20914.264916,
  "started_at_unix_nano": 1776767611226743004,
  "finished_at_unix_nano": 1776767621698390439,
  "transport_mode": "unary",
  "mean_inter_arrival_ms": 0.38736752517625817,
  "p95_inter_arrival_ms": 0.683467,
  "inter_arrival_jitter_ms": 2.543837878600744
}
