{
  "run_id": "synthetic-clean-rmqs-p16384-c16-rep1",
  "stage": "sink",
  "completed": true,
  "messages_received": 20000,
  "bytes_received": 327680000,
  "duration_seconds": 6.538602202,
  "throughput_messages_per_second": 3058.757725601121,
  "throughput_megabytes_per_second": 47.793089462517514,
  "p50_latency_ms": 3465.770941,
  "p95_latency_ms": 4314.614388,
  "p99_latency_ms": 4425.65718,
  "max_latency_ms": 4533.407764,
  "started_at_unix_nano": 1777112015838163928,
  "finished_at_unix_nano": 1777112021916531389,
  "transport_mode": "rabbitmq-streams",
  "mean_inter_arrival_ms": 0.3039335743287735,
  "p95_inter_arrival_ms": 0.004492,
  "inter_arrival_jitter_ms": 5.144239074896071
}
