{
  "run_id": "synthetic-clean-rmqs-p256-c4",
  "stage": "sink",
  "completed": true,
  "messages_received": 20000,
  "bytes_received": 5120000,
  "duration_seconds": 0.774838242,
  "throughput_messages_per_second": 25811.83905995182,
  "throughput_megabytes_per_second": 6.30171852049605,
  "p50_latency_ms": 345.944218,
  "p95_latency_ms": 481.788899,
  "p99_latency_ms": 507.525232,
  "max_latency_ms": 513.989015,
  "started_at_unix_nano": 1776802710037194580,
  "finished_at_unix_nano": 1776802710666327925,
  "transport_mode": "rabbitmq-streams",
  "mean_inter_arrival_ms": 0.03145824476222668,
  "p95_inter_arrival_ms": 0.000733,
  "inter_arrival_jitter_ms": 1.0283261496721265
}
