{
  "run_id": "synthetic-clean-unary-p1024-c4",
  "stage": "sink",
  "completed": true,
  "messages_received": 20000,
  "bytes_received": 20480000,
  "duration_seconds": 7.484628396,
  "throughput_messages_per_second": 2672.143350588865,
  "throughput_megabytes_per_second": 2.6095149908094384,
  "p50_latency_ms": 0.3675,
  "p95_latency_ms": 0.847701,
  "p99_latency_ms": 3.7062,
  "max_latency_ms": 57.48611,
  "started_at_unix_nano": 1776767437226578396,
  "finished_at_unix_nano": 1776767444648885080,
  "transport_mode": "unary",
  "mean_inter_arrival_ms": 0.3711338908945527,
  "p95_inter_arrival_ms": 0.7525,
  "inter_arrival_jitter_ms": 2.981802530752747
}
