{
  "run_id": "synthetic-clean-rmqs-p1024-c1",
  "stage": "sink",
  "completed": true,
  "messages_received": 20000,
  "bytes_received": 20480000,
  "duration_seconds": 1.122971278,
  "throughput_messages_per_second": 17809.89451094403,
  "throughput_megabytes_per_second": 17.392475108343778,
  "p50_latency_ms": 263.335961,
  "p95_latency_ms": 314.196019,
  "p99_latency_ms": 338.327818,
  "max_latency_ms": 343.641735,
  "started_at_unix_nano": 1776802842270622402,
  "finished_at_unix_nano": 1776802843067320120,
  "transport_mode": "rabbitmq-streams",
  "mean_inter_arrival_ms": 0.039836877743877626,
  "p95_inter_arrival_ms": 0.000825,
  "inter_arrival_jitter_ms": 1.0351572587619928
}
