{
  "run_id": "synthetic-clean-nats-p4096-c4-rep1",
  "stage": "sink",
  "completed": true,
  "messages_received": 20000,
  "bytes_received": 81920000,
  "duration_seconds": 21.898707627,
  "throughput_messages_per_second": 913.2959049757352,
  "throughput_megabytes_per_second": 3.5675621288114656,
  "p50_latency_ms": 8162.687388,
  "p95_latency_ms": 11102.279486,
  "p99_latency_ms": 11300.510658,
  "max_latency_ms": 34712.755953,
  "started_at_unix_nano": 1777117459985989244,
  "finished_at_unix_nano": 1777117481770450969,
  "transport_mode": "nats-jetstream",
  "mean_inter_arrival_ms": 0.9530171902595183,
  "p95_inter_arrival_ms": 2.705909,
  "inter_arrival_jitter_ms": 4.271621430211915
}
