{
  "run_id": "synthetic-clean-stream-p16384-c16-rep1",
  "stage": "sink",
  "completed": true,
  "messages_received": 20000,
  "bytes_received": 327680000,
  "duration_seconds": 1.673121794,
  "throughput_messages_per_second": 11953.702397352192,
  "throughput_megabytes_per_second": 186.776599958628,
  "p50_latency_ms": 89.170784,
  "p95_latency_ms": 183.189283,
  "p99_latency_ms": 204.104568,
  "max_latency_ms": 251.072247,
  "started_at_unix_nano": 1777110502122869541,
  "finished_at_unix_nano": 1777110503731010456,
  "transport_mode": "client-streaming",
  "mean_inter_arrival_ms": 0.08041107085354317,
  "p95_inter_arrival_ms": 0.0935,
  "inter_arrival_jitter_ms": 1.3199795753349908
}
