{
  "run_id": "synthetic-clean-stream-p1024-c1-rep1",
  "stage": "sink",
  "completed": true,
  "messages_received": 20000,
  "bytes_received": 20480000,
  "duration_seconds": 0.364123508,
  "throughput_messages_per_second": 54926.4179889204,
  "throughput_megabytes_per_second": 53.63908006730508,
  "p50_latency_ms": 2.179835,
  "p95_latency_ms": 7.513466,
  "p99_latency_ms": 52.230809,
  "max_latency_ms": 52.673284,
  "started_at_unix_nano": 1777110060948031320,
  "finished_at_unix_nano": 1777110061271772316,
  "transport_mode": "client-streaming",
  "mean_inter_arrival_ms": 0.016187859192961417,
  "p95_inter_arrival_ms": 0.004491,
  "inter_arrival_jitter_ms": 0.5690294197927689
}
