{
  "run_id": "synthetic-clean-unary-p16384-c1",
  "stage": "sink",
  "completed": true,
  "messages_received": 20000,
  "bytes_received": 327680000,
  "duration_seconds": 21.422672608,
  "throughput_messages_per_second": 933.5903304861821,
  "throughput_megabytes_per_second": 14.587348913846595,
  "p50_latency_ms": 0.307633,
  "p95_latency_ms": 0.568333,
  "p99_latency_ms": 4.115558,
  "max_latency_ms": 41.68743,
  "started_at_unix_nano": 1776767741011107993,
  "finished_at_unix_nano": 1776767762378381306,
  "transport_mode": "unary",
  "mean_inter_arrival_ms": 1.0412870655032682,
  "p95_inter_arrival_ms": 1.050599,
  "inter_arrival_jitter_ms": 3.4279999079127244
}
