{
  "run_id": "synthetic-clean-nats-p1024-c1-rep2",
  "stage": "sink",
  "completed": true,
  "messages_received": 20000,
  "bytes_received": 20480000,
  "duration_seconds": 28.356956574,
  "throughput_messages_per_second": 705.2943057485107,
  "throughput_megabytes_per_second": 0.68876397045753,
  "p50_latency_ms": 10279.324351,
  "p95_latency_ms": 12597.448388,
  "p99_latency_ms": 12889.213362,
  "max_latency_ms": 36747.901462,
  "started_at_unix_nano": 1777118930062644745,
  "finished_at_unix_nano": 1777118958344813037,
  "transport_mode": "nats-jetstream",
  "mean_inter_arrival_ms": 1.2778221232061577,
  "p95_inter_arrival_ms": 4.359117,
  "inter_arrival_jitter_ms": 3.401937197538701
}
