{
  "run_id": "synthetic-clean-rmqs-p256-c16-rep1",
  "stage": "sink",
  "completed": true,
  "messages_received": 20000,
  "bytes_received": 5120000,
  "duration_seconds": 1.085038338,
  "throughput_messages_per_second": 18432.528418180187,
  "throughput_megabytes_per_second": 4.500129008344772,
  "p50_latency_ms": 522.291636,
  "p95_latency_ms": 671.253819,
  "p99_latency_ms": 691.083885,
  "max_latency_ms": 691.475027,
  "started_at_unix_nano": 1777111478443282543,
  "finished_at_unix_nano": 1777111479332473125,
  "transport_mode": "rabbitmq-streams",
  "mean_inter_arrival_ms": 0.04446175218759653,
  "p95_inter_arrival_ms": 0.000733,
  "inter_arrival_jitter_ms": 1.4809709650356513
}
