{
  "run_id": "synthetic-clean-rmqs-p1024-c16-rep1",
  "stage": "sink",
  "completed": true,
  "messages_received": 20000,
  "bytes_received": 20480000,
  "duration_seconds": 1.536647734,
  "throughput_messages_per_second": 13015.344738731123,
  "throughput_megabytes_per_second": 12.710297596417112,
  "p50_latency_ms": 740.839175,
  "p95_latency_ms": 988.853881,
  "p99_latency_ms": 1006.928165,
  "max_latency_ms": 1009.871032,
  "started_at_unix_nano": 1777111657067697776,
  "finished_at_unix_nano": 1777111658252424714,
  "transport_mode": "rabbitmq-streams",
  "mean_inter_arrival_ms": 0.059239304265238796,
  "p95_inter_arrival_ms": 0.000733,
  "inter_arrival_jitter_ms": 1.6863702751518626
}
