{
  "run_id": "synthetic-clean-stream-p4096-c16",
  "stage": "sink",
  "completed": true,
  "messages_received": 20000,
  "bytes_received": 81920000,
  "duration_seconds": 0.865520371,
  "throughput_messages_per_second": 23107.486166839164,
  "throughput_megabytes_per_second": 90.26361783921548,
  "p50_latency_ms": 118.372105,
  "p95_latency_ms": 356.170849,
  "p99_latency_ms": 410.89851,
  "max_latency_ms": 464.994862,
  "started_at_unix_nano": 1776767066429613040,
  "finished_at_unix_nano": 1776767067227904983,
  "transport_mode": "client-streaming",
  "mean_inter_arrival_ms": 0.03991659297965075,
  "p95_inter_arrival_ms": 0.01595,
  "inter_arrival_jitter_ms": 1.188698669421679
}
