{
  "run_id": "synthetic-clean-stream-p256-c8-rep1",
  "stage": "sink",
  "completed": true,
  "messages_received": 20000,
  "bytes_received": 5120000,
  "duration_seconds": 0.223918268,
  "throughput_messages_per_second": 89318.30430199647,
  "throughput_megabytes_per_second": 21.806226636229606,
  "p50_latency_ms": 22.740784,
  "p95_latency_ms": 77.536704,
  "p99_latency_ms": 79.883465,
  "max_latency_ms": 81.131507,
  "started_at_unix_nano": 1777109994726259141,
  "finished_at_unix_nano": 1777109994909093463,
  "transport_mode": "client-streaming",
  "mean_inter_arrival_ms": 0.009142173208660249,
  "p95_inter_arrival_ms": 0.002933,
  "inter_arrival_jitter_ms": 0.5373546049489767
}
