{
  "run_id": "synthetic-clean-nats-p1024-c1-rep1",
  "stage": "sink",
  "completed": true,
  "messages_received": 20000,
  "bytes_received": 20480000,
  "duration_seconds": 24.477745577,
  "throughput_messages_per_second": 817.0687099057268,
  "throughput_megabytes_per_second": 0.7979186620173113,
  "p50_latency_ms": 5338.843545,
  "p95_latency_ms": 12202.46579,
  "p99_latency_ms": 12517.652713,
  "max_latency_ms": 12596.635367,
  "started_at_unix_nano": 1777117097990020246,
  "finished_at_unix_nano": 1777117122426478701,
  "transport_mode": "nats-jetstream",
  "mean_inter_arrival_ms": 1.0855884823241093,
  "p95_inter_arrival_ms": 3.396341,
  "inter_arrival_jitter_ms": 3.320845687214429
}
