{
  "run_id": "synthetic-clean-stream-p4096-c4",
  "stage": "sink",
  "completed": true,
  "messages_received": 20000,
  "bytes_received": 81920000,
  "duration_seconds": 0.688834422,
  "throughput_messages_per_second": 29034.553676819593,
  "throughput_megabytes_per_second": 113.41622530007653,
  "p50_latency_ms": 46.58546,
  "p95_latency_ms": 103.205855,
  "p99_latency_ms": 145.009706,
  "max_latency_ms": 181.027741,
  "started_at_unix_nano": 1776767003938779460,
  "finished_at_unix_nano": 1776767004567824846,
  "transport_mode": "client-streaming",
  "mean_inter_arrival_ms": 0.031453841992100086,
  "p95_inter_arrival_ms": 0.02035,
  "inter_arrival_jitter_ms": 0.8496174919876545
}
