{
  "run_id": "synthetic-clean-nats-p4096-c8-rep2",
  "stage": "sink",
  "completed": true,
  "messages_received": 20000,
  "bytes_received": 81920000,
  "duration_seconds": 12.25812427,
  "throughput_messages_per_second": 1631.5709940179943,
  "throughput_megabytes_per_second": 6.37332419538279,
  "p50_latency_ms": 3470.296168,
  "p95_latency_ms": 4366.409875,
  "p99_latency_ms": 4515.735271,
  "max_latency_ms": 4595.436336,
  "started_at_unix_nano": 1777119354071104478,
  "finished_at_unix_nano": 1777119366267207527,
  "transport_mode": "nats-jetstream",
  "mean_inter_arrival_ms": 0.6098356396819826,
  "p95_inter_arrival_ms": 1.428992,
  "inter_arrival_jitter_ms": 3.0120654628435233
}
