{
  "run_id": "synthetic-clean-rmqs-p256-c8",
  "stage": "sink",
  "completed": true,
  "messages_received": 20000,
  "bytes_received": 5120000,
  "duration_seconds": 0.915839815,
  "throughput_messages_per_second": 21837.880022719914,
  "throughput_megabytes_per_second": 5.331513677421854,
  "p50_latency_ms": 450.413875,
  "p95_latency_ms": 590.811638,
  "p99_latency_ms": 622.189229,
  "max_latency_ms": 628.978338,
  "started_at_unix_nano": 1776802758892520802,
  "finished_at_unix_nano": 1776802759379244668,
  "transport_mode": "rabbitmq-streams",
  "mean_inter_arrival_ms": 0.02433741017049984,
  "p95_inter_arrival_ms": 0.000642,
  "inter_arrival_jitter_ms": 1.0295678605478948
}
