{
  "run_id": "synthetic-clean-unary-p16384-c16-rep1",
  "stage": "sink",
  "completed": true,
  "messages_received": 20000,
  "bytes_received": 327680000,
  "duration_seconds": 5.749077158,
  "throughput_messages_per_second": 3478.819200081433,
  "throughput_megabytes_per_second": 54.35655000127239,
  "p50_latency_ms": 0.750567,
  "p95_latency_ms": 3.144167,
  "p99_latency_ms": 69.107407,
  "max_latency_ms": 84.147616,
  "started_at_unix_nano": 1777111329864918693,
  "finished_at_unix_nano": 1777111335545033460,
  "transport_mode": "unary",
  "mean_inter_arrival_ms": 0.2840199393469692,
  "p95_inter_arrival_ms": 0.540558,
  "inter_arrival_jitter_ms": 3.4466505739916524
}
