{
  "run_id": "synthetic-clean-stream-p1024-c1",
  "stage": "sink",
  "completed": true,
  "messages_received": 20000,
  "bytes_received": 20480000,
  "duration_seconds": 0.359951131,
  "throughput_messages_per_second": 55563.098091779575,
  "throughput_megabytes_per_second": 54.26083798025349,
  "p50_latency_ms": 1.820042,
  "p95_latency_ms": 23.328431,
  "p99_latency_ms": 34.535138,
  "max_latency_ms": 35.243905,
  "started_at_unix_nano": 1776766828853675619,
  "finished_at_unix_nano": 1776766829157454155,
  "transport_mode": "client-streaming",
  "mean_inter_arrival_ms": 0.01518969088454461,
  "p95_inter_arrival_ms": 0.004767,
  "inter_arrival_jitter_ms": 0.43470847927381145
}
