{
  "run_id": "synthetic-clean-kafka-p256-c4",
  "stage": "sink",
  "completed": true,
  "messages_received": 20000,
  "bytes_received": 5120000,
  "duration_seconds": 78.011431315,
  "throughput_messages_per_second": 256.3726836294364,
  "throughput_megabytes_per_second": 0.06259098721421787,
  "p50_latency_ms": 86.021376,
  "p95_latency_ms": 257.057078,
  "p99_latency_ms": 386.464929,
  "max_latency_ms": 26837.512809,
  "started_at_unix_nano": 1777114562242109559,
  "finished_at_unix_nano": 1777114639856712752,
  "transport_mode": "kafka",
  "mean_inter_arrival_ms": 3.471977739736995,
  "p95_inter_arrival_ms": 11.532401,
  "inter_arrival_jitter_ms": 5.309649021819139
}
