{
  "run_id": "synthetic-clean-rmqs-p4096-c16-rep1",
  "stage": "sink",
  "completed": true,
  "messages_received": 20000,
  "bytes_received": 81920000,
  "duration_seconds": 2.946373528,
  "throughput_messages_per_second": 6788.005597367694,
  "throughput_megabytes_per_second": 26.515646864717553,
  "p50_latency_ms": 1442.358577,
  "p95_latency_ms": 1771.76989,
  "p99_latency_ms": 1914.431272,
  "max_latency_ms": 2000.306621,
  "started_at_unix_nano": 1777111805718016826,
  "finished_at_unix_nano": 1777111808067636235,
  "transport_mode": "rabbitmq-streams",
  "mean_inter_arrival_ms": 0.11748684939249847,
  "p95_inter_arrival_ms": 0.001192,
  "inter_arrival_jitter_ms": 2.343948094553725
}
