{
  "run_id": "synthetic-clean-kafka-p4096-c8",
  "stage": "sink",
  "completed": true,
  "messages_received": 20000,
  "bytes_received": 81920000,
  "duration_seconds": 49.529718738,
  "throughput_messages_per_second": 403.7979724010764,
  "throughput_megabytes_per_second": 1.5773358296917046,
  "p50_latency_ms": 49.770866,
  "p95_latency_ms": 306.719179,
  "p99_latency_ms": 550.119162,
  "max_latency_ms": 27139.335497,
  "started_at_unix_nano": 1777115895761352719,
  "finished_at_unix_nano": 1777115944627048598,
  "transport_mode": "kafka",
  "mean_inter_arrival_ms": 2.1708257572878624,
  "p95_inter_arrival_ms": 9.707223,
  "inter_arrival_jitter_ms": 5.5479386621198445
}
