{
  "run_id": "synthetic-clean-unary-p1024-c1-rep1",
  "stage": "sink",
  "completed": true,
  "messages_received": 20000,
  "bytes_received": 20480000,
  "duration_seconds": 19.979839506,
  "throughput_messages_per_second": 1001.0090418390971,
  "throughput_megabytes_per_second": 0.9775478924209933,
  "p50_latency_ms": 0.256483,
  "p95_latency_ms": 0.524883,
  "p99_latency_ms": 4.481583,
  "max_latency_ms": 42.21809,
  "started_at_unix_nano": 1777110729050127396,
  "finished_at_unix_nano": 1777110748988858621,
  "transport_mode": "unary",
  "mean_inter_arrival_ms": 0.9969864105705202,
  "p95_inter_arrival_ms": 1.017042,
  "inter_arrival_jitter_ms": 3.40616433096327
}
