{
  "run_id": "synthetic-clean-rmqs-p4096-c8-rep1",
  "stage": "sink",
  "completed": true,
  "messages_received": 20000,
  "bytes_received": 81920000,
  "duration_seconds": 2.170307678,
  "throughput_messages_per_second": 9215.283253492687,
  "throughput_megabytes_per_second": 35.99720020895581,
  "p50_latency_ms": 847.914733,
  "p95_latency_ms": 1101.414038,
  "p99_latency_ms": 1194.386038,
  "max_latency_ms": 1248.168154,
  "started_at_unix_nano": 1777111774255372620,
  "finished_at_unix_nano": 1777111776265560358,
  "transport_mode": "rabbitmq-streams",
  "mean_inter_arrival_ms": 0.10051441262066775,
  "p95_inter_arrival_ms": 0.001466,
  "inter_arrival_jitter_ms": 2.1306819373171773
}
