{
  "run_id": "synthetic-clean-unary-p256-c4",
  "stage": "sink",
  "completed": true,
  "messages_received": 20000,
  "bytes_received": 5120000,
  "duration_seconds": 9.088464196,
  "throughput_messages_per_second": 2200.591823732151,
  "throughput_megabytes_per_second": 0.5372538632158572,
  "p50_latency_ms": 0.326517,
  "p95_latency_ms": 0.710234,
  "p99_latency_ms": 13.291303,
  "max_latency_ms": 20926.695823,
  "started_at_unix_nano": 1776767289243225629,
  "finished_at_unix_nano": 1776767298281881639,
  "transport_mode": "unary",
  "mean_inter_arrival_ms": 0.331901998949948,
  "p95_inter_arrival_ms": 0.6578,
  "inter_arrival_jitter_ms": 2.3284523836765834
}
