{
  "run_id": "synthetic-clean-nats-p1024-c8-rep3",
  "stage": "sink",
  "completed": true,
  "messages_received": 20000,
  "bytes_received": 20480000,
  "duration_seconds": 10.193244416,
  "throughput_messages_per_second": 1962.0838256960324,
  "throughput_megabytes_per_second": 1.9160974860312816,
  "p50_latency_ms": 3228.273534,
  "p95_latency_ms": 3903.122984,
  "p99_latency_ms": 3987.792149,
  "max_latency_ms": 4047.482936,
  "started_at_unix_nano": 1777120690626997563,
  "finished_at_unix_nano": 1777120700755510474,
  "transport_mode": "nats-jetstream",
  "mean_inter_arrival_ms": 0.5064509680984088,
  "p95_inter_arrival_ms": 1.1998,
  "inter_arrival_jitter_ms": 2.782387107775691
}
