{
  "run_id": "synthetic-clean-stream-p4096-c16-rep1",
  "stage": "sink",
  "completed": true,
  "messages_received": 20000,
  "bytes_received": 81920000,
  "duration_seconds": 0.80569792,
  "throughput_messages_per_second": 24823.19924569248,
  "throughput_megabytes_per_second": 96.96562205348626,
  "p50_latency_ms": 53.005301,
  "p95_latency_ms": 122.483121,
  "p99_latency_ms": 180.525419,
  "max_latency_ms": 195.361503,
  "started_at_unix_nano": 1777110306992147546,
  "finished_at_unix_nano": 1777110307700860099,
  "transport_mode": "client-streaming",
  "mean_inter_arrival_ms": 0.035437394969751186,
  "p95_inter_arrival_ms": 0.021083,
  "inter_arrival_jitter_ms": 1.0846480329145844
}
