{
  "run_id": "synthetic-clean-nats-p4096-c16-rep2",
  "stage": "sink",
  "completed": true,
  "messages_received": 20000,
  "bytes_received": 81920000,
  "duration_seconds": 12.988289563,
  "throughput_messages_per_second": 1539.8486384977434,
  "throughput_megabytes_per_second": 6.01503374413181,
  "p50_latency_ms": 3728.670451,
  "p95_latency_ms": 4213.613154,
  "p99_latency_ms": 4355.34094,
  "max_latency_ms": 4465.459028,
  "started_at_unix_nano": 1777119404487405335,
  "finished_at_unix_nano": 1777119417414502802,
  "transport_mode": "nats-jetstream",
  "mean_inter_arrival_ms": 0.6463871972598603,
  "p95_inter_arrival_ms": 2.045725,
  "inter_arrival_jitter_ms": 3.8487176328213364
}
