{
  "run_id": "synthetic-clean-stream-p1024-c16",
  "stage": "sink",
  "completed": true,
  "messages_received": 20000,
  "bytes_received": 20480000,
  "duration_seconds": 0.379811362,
  "throughput_messages_per_second": 52657.71907055272,
  "throughput_megabytes_per_second": 51.42355377983664,
  "p50_latency_ms": 72.791493,
  "p95_latency_ms": 92.77379,
  "p99_latency_ms": 98.18519,
  "max_latency_ms": 113.907089,
  "started_at_unix_nano": 1776766926961247805,
  "finished_at_unix_nano": 1776766927286632573,
  "transport_mode": "client-streaming",
  "mean_inter_arrival_ms": 0.016270051902595208,
  "p95_inter_arrival_ms": 0.0066,
  "inter_arrival_jitter_ms": 0.5333539750364232
}
