{
  "run_id": "synthetic-clean-nats-p256-c1-rep1",
  "stage": "sink",
  "completed": true,
  "messages_received": 20000,
  "bytes_received": 5120000,
  "duration_seconds": 21.740690498,
  "throughput_messages_per_second": 919.9339828622218,
  "throughput_megabytes_per_second": 0.22459325753472212,
  "p50_latency_ms": 6814.039709,
  "p95_latency_ms": 8711.506138,
  "p99_latency_ms": 9001.459063,
  "max_latency_ms": 9075.706308,
  "started_at_unix_nano": 1777116820470221278,
  "finished_at_unix_nano": 1777116842145038188,
  "transport_mode": "nats-jetstream",
  "mean_inter_arrival_ms": 1.0837950307015325,
  "p95_inter_arrival_ms": 3.327225,
  "inter_arrival_jitter_ms": 3.2453255509450636
}
