{
  "run_id": "synthetic-clean-nats-p4096-c1-rep2",
  "stage": "sink",
  "completed": true,
  "messages_received": 20000,
  "bytes_received": 81920000,
  "duration_seconds": 27.535232312,
  "throughput_messages_per_second": 726.3421558743811,
  "throughput_megabytes_per_second": 2.837274046384301,
  "p50_latency_ms": 7609.223707,
  "p95_latency_ms": 12099.759348,
  "p99_latency_ms": 12316.945682,
  "max_latency_ms": 12382.073395,
  "started_at_unix_nano": 1777119208394334080,
  "finished_at_unix_nano": 1777119235839839832,
  "transport_mode": "nats-jetstream",
  "mean_inter_arrival_ms": 1.3723439047952373,
  "p95_inter_arrival_ms": 4.480392,
  "inter_arrival_jitter_ms": 3.3992292836801408
}
