{
  "run_id": "synthetic-clean-kafka-p1024-c1",
  "stage": "sink",
  "completed": true,
  "messages_received": 20000,
  "bytes_received": 20480000,
  "duration_seconds": 229.734329652,
  "throughput_messages_per_second": 87.05708036885851,
  "throughput_megabytes_per_second": 0.08501668004771339,
  "p50_latency_ms": 1702.876122,
  "p95_latency_ms": 2891.880762,
  "p99_latency_ms": 5021.754666,
  "max_latency_ms": 28998.915877,
  "started_at_unix_nano": 1777114868462503614,
  "finished_at_unix_nano": 1777115097912301699,
  "transport_mode": "kafka",
  "mean_inter_arrival_ms": 11.803509087104388,
  "p95_inter_arrival_ms": 15.264057,
  "inter_arrival_jitter_ms": 2.4481383356341073
}
