{
  "run_id": "csv-replay-check-unary-r100-c8",
  "stage": "sink",
  "completed": true,
  "messages_received": 10000,
  "bytes_received": 51234670,
  "duration_seconds": 1.496724304,
  "throughput_messages_per_second": 6681.2571782759,
  "throughput_megabytes_per_second": 32.6454169000718,
  "p50_latency_ms": 0.479382,
  "p95_latency_ms": 1.704639,
  "p99_latency_ms": 3.232955,
  "max_latency_ms": 23.436942,
  "started_at_unix_nano": 1775316216512741264,
  "finished_at_unix_nano": 1775316217963423681,
  "transport_mode": "unary"
}
