{
  "run_id": "csv-replay-check-stream-r25-c1",
  "stage": "sink",
  "completed": true,
  "messages_received": 10000,
  "bytes_received": 12753531,
  "duration_seconds": 0.121097878,
  "throughput_messages_per_second": 82577.83014166441,
  "throughput_megabytes_per_second": 100.43706098789706,
  "p50_latency_ms": 1.442277,
  "p95_latency_ms": 3.168467,
  "p99_latency_ms": 3.962428,
  "max_latency_ms": 4.324627,
  "started_at_unix_nano": 1775316153611674294,
  "finished_at_unix_nano": 1775316153689073351,
  "transport_mode": "client-streaming"
}
