{
  "run_id": "synthetic-continuous-stream-p1024-c8",
  "stage": "sink",
  "completed": true,
  "messages_received": 20000,
  "bytes_received": 20480000,
  "duration_seconds": 21.769836008,
  "throughput_messages_per_second": 918.7023729829835,
  "throughput_megabytes_per_second": 0.8971702861161949,
  "p50_latency_ms": 0.274815,
  "p95_latency_ms": 6.567136,
  "p99_latency_ms": 16.493738,
  "max_latency_ms": 19.810581,
  "started_at_unix_nano": 1775902658747460296,
  "finished_at_unix_nano": 1775902680461690976,
  "transport_mode": "client-streaming",
  "mean_inter_arrival_ms": 0.9494705052252603,
  "p95_inter_arrival_ms": 1.617997,
  "inter_arrival_jitter_ms": 0.6618786781814872
}
