{
  "run_id": "synthetic-backpressure-unary-p1024-c8",
  "stage": "sink",
  "completed": true,
  "messages_received": 20000,
  "bytes_received": 20480000,
  "duration_seconds": 8.38161859,
  "throughput_messages_per_second": 2386.1739573620944,
  "throughput_megabytes_per_second": 2.3302480052364203,
  "p50_latency_ms": 0.439355,
  "p95_latency_ms": 0.825452,
  "p99_latency_ms": 1.696279,
  "max_latency_ms": 28.873689,
  "started_at_unix_nano": 1775901406364352995,
  "finished_at_unix_nano": 1775901414698628755,
  "transport_mode": "unary",
  "mean_inter_arrival_ms": 0.41673462473124095,
  "p95_inter_arrival_ms": 3.180627,
  "inter_arrival_jitter_ms": 1.0620852115552346
}
