{
  "run_id": "synthetic-clean-unary-p1024-c1",
  "stage": "sink",
  "completed": true,
  "messages_received": 20000,
  "bytes_received": 20480000,
  "duration_seconds": 15.139826666,
  "throughput_messages_per_second": 1321.0190870226177,
  "throughput_megabytes_per_second": 1.290057702170525,
  "p50_latency_ms": 0.289129,
  "p95_latency_ms": 0.71931,
  "p99_latency_ms": 1.798326,
  "max_latency_ms": 909.914187,
  "started_at_unix_nano": 1775315996476561489,
  "finished_at_unix_nano": 1775316011560595407,
  "transport_mode": "unary"
}
