{
  "run_id": "synthetic-clean-stream-p1024-c4",
  "stage": "sink",
  "completed": true,
  "messages_received": 20000,
  "bytes_received": 20480000,
  "duration_seconds": 0.194455732,
  "throughput_messages_per_second": 102851.1723172038,
  "throughput_megabytes_per_second": 100.44059796601934,
  "p50_latency_ms": 14.312836,
  "p95_latency_ms": 22.458908,
  "p99_latency_ms": 26.807133,
  "max_latency_ms": 27.290975,
  "started_at_unix_nano": 1775315866106251678,
  "finished_at_unix_nano": 1775315866252566837,
  "transport_mode": "client-streaming"
}
