{
  "run_id": "synthetic-clean-unary-p1024-c4",
  "stage": "sink",
  "completed": true,
  "messages_received": 20000,
  "bytes_received": 20480000,
  "duration_seconds": 4.003668052,
  "throughput_messages_per_second": 4995.4191357121035,
  "throughput_megabytes_per_second": 4.878338999718851,
  "p50_latency_ms": 0.347324,
  "p95_latency_ms": 0.949995,
  "p99_latency_ms": 1.806472,
  "max_latency_ms": 20.99841,
  "started_at_unix_nano": 1775316017697698981,
  "finished_at_unix_nano": 1775316021654131963,
  "transport_mode": "unary"
}
