{
  "run_id": "synthetic-clean-unary-p256-c4",
  "stage": "sink",
  "completed": true,
  "messages_received": 20000,
  "bytes_received": 5120000,
  "duration_seconds": 5.473072005,
  "throughput_messages_per_second": 3654.254864859941,
  "throughput_megabytes_per_second": 0.8921520666161965,
  "p50_latency_ms": 0.388206,
  "p95_latency_ms": 1.323185,
  "p99_latency_ms": 3.513062,
  "max_latency_ms": 72.389463,
  "started_at_unix_nano": 1775315969885890566,
  "finished_at_unix_nano": 1775315975146223399,
  "transport_mode": "unary"
}
