{
  "run_id": "synthetic-clean-stream-p4096-c4",
  "stage": "sink",
  "completed": true,
  "messages_received": 20000,
  "bytes_received": 81920000,
  "duration_seconds": 0.385554281,
  "throughput_messages_per_second": 51873.37032836629,
  "throughput_megabytes_per_second": 202.63035284518082,
  "p50_latency_ms": 19.237603,
  "p95_latency_ms": 39.994441,
  "p99_latency_ms": 46.749984,
  "max_latency_ms": 53.402424,
  "started_at_unix_nano": 1775315893431149907,
  "finished_at_unix_nano": 1775315893762607370,
  "transport_mode": "client-streaming"
}
