{
  "run_id": "synthetic-clean-unary-p16384-c1",
  "stage": "sink",
  "completed": true,
  "messages_received": 20000,
  "bytes_received": 327680000,
  "duration_seconds": 16.863973864,
  "throughput_messages_per_second": 1185.960092282553,
  "throughput_megabytes_per_second": 18.53062644191489,
  "p50_latency_ms": 0.341745,
  "p95_latency_ms": 0.958058,
  "p99_latency_ms": 2.080948,
  "max_latency_ms": 904.001355,
  "started_at_unix_nano": 1775316088957666060,
  "finished_at_unix_nano": 1775316105754373739,
  "transport_mode": "unary"
}
