{
  "run_id": "synthetic-clean-unary-p16384-c8",
  "stage": "sink",
  "completed": true,
  "messages_received": 20000,
  "bytes_received": 327680000,
  "duration_seconds": 4.414679155,
  "throughput_messages_per_second": 4530.340552007794,
  "throughput_megabytes_per_second": 70.78657112512178,
  "p50_latency_ms": 0.547939,
  "p95_latency_ms": 1.709074,
  "p99_latency_ms": 2.984765,
  "max_latency_ms": 903.231561,
  "started_at_unix_nano": 1775316121542336015,
  "finished_at_unix_nano": 1775316125906851144,
  "transport_mode": "unary"
}
