{
  "run_id": "synthetic-clean-unary-p256-c1",
  "stage": "sink",
  "completed": true,
  "messages_received": 20000,
  "bytes_received": 5120000,
  "duration_seconds": 12.812805524,
  "throughput_messages_per_second": 1560.9383879695574,
  "throughput_megabytes_per_second": 0.38108847362538023,
  "p50_latency_ms": 0.279741,
  "p95_latency_ms": 0.640832,
  "p99_latency_ms": 1.40983,
  "max_latency_ms": 22.11841,
  "started_at_unix_nano": 1775315947513156184,
  "finished_at_unix_nano": 1775315960269949782,
  "transport_mode": "unary"
}
