{
  "run_id": "synthetic-clean-stream-p256-c16",
  "stage": "sink",
  "completed": true,
  "messages_received": 20000,
  "bytes_received": 5120000,
  "duration_seconds": 0.141455467,
  "throughput_messages_per_second": 141387.25370013446,
  "throughput_megabytes_per_second": 34.51837248538439,
  "p50_latency_ms": 27.929687,
  "p95_latency_ms": 36.617888,
  "p99_latency_ms": 38.922138,
  "max_latency_ms": 41.287284,
  "started_at_unix_nano": 1775315854072115061,
  "finished_at_unix_nano": 1775315854151353194,
  "transport_mode": "client-streaming"
}
