{
  "run_id": "synthetic-clean-stream-p4096-c1",
  "stage": "sink",
  "completed": true,
  "messages_received": 20000,
  "bytes_received": 81920000,
  "duration_seconds": 0.779532384,
  "throughput_messages_per_second": 25656.406854291763,
  "throughput_megabytes_per_second": 100.2203392745772,
  "p50_latency_ms": 13.417922,
  "p95_latency_ms": 29.833108,
  "p99_latency_ms": 35.002999,
  "max_latency_ms": 45.830559,
  "started_at_unix_nano": 1775315885864221189,
  "finished_at_unix_nano": 1775315886551500268,
  "transport_mode": "client-streaming"
}
