{
  "run_id": "synthetic-clean-stream-p16384-c1",
  "stage": "sink",
  "completed": true,
  "messages_received": 20000,
  "bytes_received": 327680000,
  "duration_seconds": 1.663544836,
  "throughput_messages_per_second": 12022.51936178052,
  "throughput_megabytes_per_second": 187.85186502782062,
  "p50_latency_ms": 2.345678,
  "p95_latency_ms": 7.764017,
  "p99_latency_ms": 12.944878,
  "max_latency_ms": 22.895585,
  "started_at_unix_nano": 1775315917286249605,
  "finished_at_unix_nano": 1775315918885444311,
  "transport_mode": "client-streaming"
}
