{
  "run_id": "synthetic-clean-stream-p16384-c16",
  "stage": "sink",
  "completed": true,
  "messages_received": 20000,
  "bytes_received": 327680000,
  "duration_seconds": 1.049347484,
  "throughput_messages_per_second": 19059.46343318244,
  "throughput_megabytes_per_second": 297.80411614347565,
  "p50_latency_ms": 14.338053,
  "p95_latency_ms": 35.555516,
  "p99_latency_ms": 43.336308,
  "max_latency_ms": 55.255513,
  "started_at_unix_nano": 1775315940287846525,
  "finished_at_unix_nano": 1775315941269720270,
  "transport_mode": "client-streaming"
}
