{
  "run_id": "synthetic-clean-unary-p4096-c4",
  "stage": "sink",
  "completed": true,
  "messages_received": 20000,
  "bytes_received": 81920000,
  "duration_seconds": 3.889928566,
  "throughput_messages_per_second": 5141.482590402921,
  "throughput_megabytes_per_second": 20.08391636876141,
  "p50_latency_ms": 0.352276,
  "p95_latency_ms": 0.827361,
  "p99_latency_ms": 1.592343,
  "max_latency_ms": 20.037544,
  "started_at_unix_nano": 1775316064872162275,
  "finished_at_unix_nano": 1775316068711750713,
  "transport_mode": "unary"
}
