{
  "run_id": "synthetic-clean-stream-p256-c8",
  "stage": "sink",
  "completed": true,
  "messages_received": 20000,
  "bytes_received": 5120000,
  "duration_seconds": 0.13391742,
  "throughput_messages_per_second": 149345.76845939833,
  "throughput_megabytes_per_second": 36.461369252782795,
  "p50_latency_ms": 12.510511,
  "p95_latency_ms": 25.081328,
  "p99_latency_ms": 28.678253,
  "max_latency_ms": 30.404627,
  "started_at_unix_nano": 1775315848135129097,
  "finished_at_unix_nano": 1775315848219970429,
  "transport_mode": "client-streaming"
}
