{
  "run_id": "synthetic-continuous-unary-p1024-c8",
  "stage": "sink",
  "completed": true,
  "messages_received": 20000,
  "bytes_received": 20480000,
  "duration_seconds": 19.040461013,
  "throughput_messages_per_second": 1050.394734998531,
  "throughput_megabytes_per_second": 1.025776108397003,
  "p50_latency_ms": 0.378489,
  "p95_latency_ms": 1.027759,
  "p99_latency_ms": 2.086593,
  "max_latency_ms": 48.464271,
  "started_at_unix_nano": 1775902709285191207,
  "finished_at_unix_nano": 1775902728278156675,
  "transport_mode": "unary",
  "mean_inter_arrival_ms": 0.949695753587682,
  "p95_inter_arrival_ms": 2.163409,
  "inter_arrival_jitter_ms": 0.8783223872370912
}
