{
  "run_id": "synthetic-clean-stream-p1024-c1",
  "stage": "sink",
  "completed": true,
  "messages_received": 20000,
  "bytes_received": 20480000,
  "duration_seconds": 0.177455034,
  "throughput_messages_per_second": 112704.60774868747,
  "throughput_megabytes_per_second": 110.06309350457761,
  "p50_latency_ms": 1.701162,
  "p95_latency_ms": 4.633493,
  "p99_latency_ms": 7.686174,
  "max_latency_ms": 8.612852,
  "started_at_unix_nano": 1775315860281566859,
  "finished_at_unix_nano": 1775315860417742163,
  "transport_mode": "client-streaming"
}
