{
  "run_id": "synthetic-clean-stream-p256-c16",
  "stage": "sink",
  "completed": true,
  "messages_received": 20000,
  "bytes_received": 5120000,
  "duration_seconds": 0.274647365,
  "throughput_messages_per_second": 72820.65131045405,
  "throughput_megabytes_per_second": 17.77847932384132,
  "p50_latency_ms": 75.540919,
  "p95_latency_ms": 144.090698,
  "p99_latency_ms": 175.397513,
  "max_latency_ms": 183.439977,
  "started_at_unix_nano": 1776101718999641898,
  "finished_at_unix_nano": 1776101719228752027,
  "transport_mode": "client-streaming",
  "mean_inter_arrival_ms": 0.011456083854191838,
  "p95_inter_arrival_ms": 0.005408,
  "inter_arrival_jitter_ms": 0.5197739727162134
}
