{
  "run_id": "synthetic-clean-stream-p1024-c16",
  "stage": "sink",
  "completed": true,
  "messages_received": 20000,
  "bytes_received": 20480000,
  "duration_seconds": 0.37407606,
  "throughput_messages_per_second": 53465.06269339984,
  "throughput_megabytes_per_second": 52.211975286523284,
  "p50_latency_ms": 39.236163,
  "p95_latency_ms": 55.751833,
  "p99_latency_ms": 78.839359,
  "max_latency_ms": 90.723572,
  "started_at_unix_nano": 1776101787653377275,
  "finished_at_unix_nano": 1776101787976283184,
  "transport_mode": "client-streaming",
  "mean_inter_arrival_ms": 0.016146102755138676,
  "p95_inter_arrival_ms": 0.011183,
  "inter_arrival_jitter_ms": 0.568610448510449
}
