{
  "run_id": "synthetic-clean-stream-p1024-c1",
  "stage": "sink",
  "completed": true,
  "messages_received": 20000,
  "bytes_received": 20480000,
  "duration_seconds": 0.454113043,
  "throughput_messages_per_second": 44041.897294722716,
  "throughput_megabytes_per_second": 43.00966532687765,
  "p50_latency_ms": 10.070313,
  "p95_latency_ms": 51.407201,
  "p99_latency_ms": 53.610959,
  "max_latency_ms": 55.168466,
  "started_at_unix_nano": 1776101733696741215,
  "finished_at_unix_nano": 1776101734112045903,
  "transport_mode": "client-streaming",
  "mean_inter_arrival_ms": 0.02076626816341098,
  "p95_inter_arrival_ms": 0.0055,
  "inter_arrival_jitter_ms": 0.6568025231238565
}
