{
  "run_id": "synthetic-clean-stream-p1024-c1",
  "stage": "sink",
  "completed": true,
  "messages_received": 20000,
  "bytes_received": 20480000,
  "duration_seconds": 0.525663847,
  "throughput_messages_per_second": 38047.12862438873,
  "throughput_megabytes_per_second": 37.15539904725462,
  "p50_latency_ms": 3.302657,
  "p95_latency_ms": 29.517485,
  "p99_latency_ms": 40.214433,
  "max_latency_ms": 43.380049,
  "started_at_unix_nano": 1776764462438296641,
  "finished_at_unix_nano": 1776764462869168743,
  "transport_mode": "client-streaming",
  "mean_inter_arrival_ms": 0.021544682334119603,
  "p95_inter_arrival_ms": 0.005133,
  "inter_arrival_jitter_ms": 0.5375098313716349
}
