{
  "run_id": "synthetic-clean-stream-p1024-c4",
  "stage": "sink",
  "completed": true,
  "messages_received": 20000,
  "bytes_received": 20480000,
  "duration_seconds": 0.310923363,
  "throughput_messages_per_second": 64324.532601945386,
  "throughput_megabytes_per_second": 62.81692636908729,
  "p50_latency_ms": 8.947765,
  "p95_latency_ms": 37.531717,
  "p99_latency_ms": 45.833048,
  "max_latency_ms": 47.328589,
  "started_at_unix_nano": 1776764497177344352,
  "finished_at_unix_nano": 1776764497415953273,
  "transport_mode": "client-streaming",
  "mean_inter_arrival_ms": 0.011931042602129774,
  "p95_inter_arrival_ms": 0.00495,
  "inter_arrival_jitter_ms": 0.41087059320322294
}
