{
  "run_id": "synthetic-clean-stream-p256-c16",
  "stage": "sink",
  "completed": true,
  "messages_received": 20000,
  "bytes_received": 5120000,
  "duration_seconds": 0.27105708,
  "throughput_messages_per_second": 73785.19683012892,
  "throughput_megabytes_per_second": 18.013964069855692,
  "p50_latency_ms": 76.912624,
  "p95_latency_ms": 109.0009,
  "p99_latency_ms": 157.306931,
  "max_latency_ms": 162.885397,
  "started_at_unix_nano": 1776764431015497051,
  "finished_at_unix_nano": 1776764431227488636,
  "transport_mode": "client-streaming",
  "mean_inter_arrival_ms": 0.010600113855692136,
  "p95_inter_arrival_ms": 0.003208,
  "inter_arrival_jitter_ms": 0.6115866134042833
}
