{
  "run_id": "synthetic-clean-rmqs-p16384-c4",
  "stage": "sink",
  "completed": true,
  "messages_received": 20000,
  "bytes_received": 327680000,
  "duration_seconds": 41.52316446,
  "throughput_messages_per_second": 481.6588586177327,
  "throughput_megabytes_per_second": 7.525919665902073,
  "p50_latency_ms": 116.879862,
  "p95_latency_ms": 368.562654,
  "p99_latency_ms": 476.725118,
  "max_latency_ms": 21132.444613,
  "started_at_unix_nano": 1776768877601817090,
  "finished_at_unix_nano": 1776768919038606448,
  "transport_mode": "rabbitmq-streams",
  "mean_inter_arrival_ms": 2.013096450872544,
  "p95_inter_arrival_ms": 2.523492,
  "inter_arrival_jitter_ms": 8.260660692025883
}
