{
  "run_id": "synthetic-clean-rmqs-p16384-c8",
  "stage": "sink",
  "completed": true,
  "messages_received": 20000,
  "bytes_received": 327680000,
  "duration_seconds": 45.468007446,
  "throughput_messages_per_second": 439.86972650501485,
  "throughput_megabytes_per_second": 6.872964476640857,
  "p50_latency_ms": 281.272597,
  "p95_latency_ms": 507.310979,
  "p99_latency_ms": 3021.787627,
  "max_latency_ms": 21341.631052,
  "started_at_unix_nano": 1776768956304651375,
  "finished_at_unix_nano": 1776769001611043776,
  "transport_mode": "rabbitmq-streams",
  "mean_inter_arrival_ms": 2.0853632342617296,
  "p95_inter_arrival_ms": 3.236384,
  "inter_arrival_jitter_ms": 8.565987802949547
}
