{
  "run_id": "synthetic-clean-rmqs-p256-c16",
  "stage": "sink",
  "completed": true,
  "messages_received": 20000,
  "bytes_received": 5120000,
  "duration_seconds": 42.116073181,
  "throughput_messages_per_second": 474.8780807281597,
  "throughput_megabytes_per_second": 0.11593703142777337,
  "p50_latency_ms": 187.676102,
  "p95_latency_ms": 305.952173,
  "p99_latency_ms": 2916.501201,
  "max_latency_ms": 21212.024665,
  "started_at_unix_nano": 1776768120879806750,
  "finished_at_unix_nano": 1776768162648742737,
  "transport_mode": "rabbitmq-streams",
  "mean_inter_arrival_ms": 1.8160080515025803,
  "p95_inter_arrival_ms": 4.558401,
  "inter_arrival_jitter_ms": 7.170603993436996
}
