{
  "run_id": "synthetic-clean-rmqs-p4096-c1",
  "stage": "sink",
  "completed": true,
  "messages_received": 20000,
  "bytes_received": 81920000,
  "duration_seconds": 48.303660693,
  "throughput_messages_per_second": 414.0472939952216,
  "throughput_megabytes_per_second": 1.6173722421688344,
  "p50_latency_ms": 320.204845,
  "p95_latency_ms": 593.530684,
  "p99_latency_ms": 727.393703,
  "max_latency_ms": 21156.490305,
  "started_at_unix_nano": 1776768495472372862,
  "finished_at_unix_nano": 1776768543733876416,
  "transport_mode": "rabbitmq-streams",
  "mean_inter_arrival_ms": 2.277066344767226,
  "p95_inter_arrival_ms": 5.482676,
  "inter_arrival_jitter_ms": 7.264883831641526
}
