{
  "run_id": "synthetic-clean-rmqs-p1024-c1",
  "stage": "sink",
  "completed": true,
  "messages_received": 20000,
  "bytes_received": 20480000,
  "duration_seconds": 43.732339937,
  "throughput_messages_per_second": 457.3274612977863,
  "throughput_megabytes_per_second": 0.4466088489236194,
  "p50_latency_ms": 392.191375,
  "p95_latency_ms": 764.146777,
  "p99_latency_ms": 3396.52358,
  "max_latency_ms": 21664.173816,
  "started_at_unix_nano": 1776768187224120359,
  "finished_at_unix_nano": 1776768230410327263,
  "transport_mode": "rabbitmq-streams",
  "mean_inter_arrival_ms": 1.8868196092804617,
  "p95_inter_arrival_ms": 2.704718,
  "inter_arrival_jitter_ms": 6.814281179982023
}
