{
  "run_id": "synthetic-clean-rmqs-p4096-c16",
  "stage": "sink",
  "completed": true,
  "messages_received": 20000,
  "bytes_received": 81920000,
  "duration_seconds": 45.165500995,
  "throughput_messages_per_second": 442.8158563372092,
  "throughput_megabytes_per_second": 1.7297494388172234,
  "p50_latency_ms": 272.123789,
  "p95_latency_ms": 480.053957,
  "p99_latency_ms": 685.331017,
  "max_latency_ms": 21231.758089,
  "started_at_unix_nano": 1776768718307696465,
  "finished_at_unix_nano": 1776768763205033947,
  "transport_mode": "rabbitmq-streams",
  "mean_inter_arrival_ms": 2.1086787762888126,
  "p95_inter_arrival_ms": 3.509367,
  "inter_arrival_jitter_ms": 9.739690360784804
}
