{
  "run_id": "smoke-streaming-2",
  "stage": "sink",
  "completed": true,
  "messages_received": 1000,
  "bytes_received": 1024000,
  "duration_seconds": 0.078615679,
  "throughput_messages_per_second": 12720.108923819129,
  "throughput_megabytes_per_second": 12.421981370917118,
  "p50_latency_ms": 9.319125,
  "p95_latency_ms": 12.187626,
  "p99_latency_ms": 12.550524,
  "max_latency_ms": 12.568429,
  "started_at_unix_nano": 1775239143883918421,
  "finished_at_unix_nano": 1775239143892786149,
  "transport_mode": "client-streaming"
}
