{
  "run_id": "smoke-unary",
  "stage": "sink",
  "completed": true,
  "messages_received": 2000,
  "bytes_received": 2048000,
  "duration_seconds": 0.854893087,
  "throughput_messages_per_second": 2339.4738247544165,
  "throughput_megabytes_per_second": 2.284642406986735,
  "p50_latency_ms": 0.316742,
  "p95_latency_ms": 0.842397,
  "p99_latency_ms": 1.709756,
  "max_latency_ms": 50.870552,
  "started_at_unix_nano": 1775239130254179402,
  "finished_at_unix_nano": 1775239131005230919,
  "transport_mode": "unary"
}
