{
  "run_id": "synthetic-clean-rmqs-p1024-c1-rep1",
  "stage": "sink",
  "completed": true,
  "messages_received": 20000,
  "bytes_received": 20480000,
  "duration_seconds": 39.65540443,
  "throughput_messages_per_second": 504.34487524403244,
  "throughput_megabytes_per_second": 0.4925242922305004,
  "p50_latency_ms": 375.692201,
  "p95_latency_ms": 711.354818,
  "p99_latency_ms": 1728.822005,
  "max_latency_ms": 19676.765871,
  "started_at_unix_nano": 1776718273453273652,
  "finished_at_unix_nano": 1776718313053422788,
  "transport_mode": "rabbitmq-streams",
  "mean_inter_arrival_ms": 1.9030115287264362,
  "p95_inter_arrival_ms": 2.953409,
  "inter_arrival_jitter_ms": 7.6522587985992105
}
