{
  "run_id": "synthetic-clean-stream-p4096-c16-rep1",
  "stage": "sink",
  "completed": true,
  "messages_received": 20000,
  "bytes_received": 81920000,
  "duration_seconds": 0.725038753,
  "throughput_messages_per_second": 27584.732426019717,
  "throughput_megabytes_per_second": 107.75286103913952,
  "p50_latency_ms": 83.651157,
  "p95_latency_ms": 263.829614,
  "p99_latency_ms": 329.579278,
  "max_latency_ms": 355.69823,
  "started_at_unix_nano": 1776717137238238957,
  "finished_at_unix_nano": 1776717137919631356,
  "transport_mode": "client-streaming",
  "mean_inter_arrival_ms": 0.0340713235161771,
  "p95_inter_arrival_ms": 0.0198,
  "inter_arrival_jitter_ms": 1.0012256290578152
}
