{
  "run_id": "synthetic-clean-unary-p16384-c4-rep2",
  "stage": "sink",
  "completed": true,
  "messages_received": 20000,
  "bytes_received": 327680000,
  "duration_seconds": 9.723987378,
  "throughput_messages_per_second": 2056.7694323882943,
  "throughput_megabytes_per_second": 32.1370223810671,
  "p50_latency_ms": 0.4772,
  "p95_latency_ms": 1.1839,
  "p99_latency_ms": 5.2008,
  "max_latency_ms": 62.023698,
  "started_at_unix_nano": 1776720280010876552,
  "finished_at_unix_nano": 1776720289643935333,
  "transport_mode": "unary",
  "mean_inter_arrival_ms": 0.4816770229011498,
  "p95_inter_arrival_ms": 0.9039,
  "inter_arrival_jitter_ms": 3.610577426784144
}
