{
  "run_id": "synthetic-clean-rmqs-p1024-c1-rep2",
  "stage": "sink",
  "completed": true,
  "messages_received": 20000,
  "bytes_received": 20480000,
  "duration_seconds": 44.551729424,
  "throughput_messages_per_second": 448.91635540473555,
  "throughput_megabytes_per_second": 0.43839487832493707,
  "p50_latency_ms": 392.539116,
  "p95_latency_ms": 779.279307,
  "p99_latency_ms": 3411.469171,
  "max_latency_ms": 19673.698621,
  "started_at_unix_nano": 1776720647282559500,
  "finished_at_unix_nano": 1776720691785008559,
  "transport_mode": "rabbitmq-streams",
  "mean_inter_arrival_ms": 1.95258993064653,
  "p95_inter_arrival_ms": 2.762375,
  "inter_arrival_jitter_ms": 8.203824993799062
}
