{
  "run_id": "synthetic-clean-stream-p256-c1-rep2",
  "stage": "sink",
  "completed": true,
  "messages_received": 20000,
  "bytes_received": 5120000,
  "duration_seconds": 0.171109358,
  "throughput_messages_per_second": 116884.31441604732,
  "throughput_megabytes_per_second": 28.536209574230302,
  "p50_latency_ms": 3.514867,
  "p95_latency_ms": 6.469102,
  "p99_latency_ms": 56.04465,
  "max_latency_ms": 56.191499,
  "started_at_unix_nano": 1776719173642459575,
  "finished_at_unix_nano": 1776719173765831577,
  "transport_mode": "client-streaming",
  "mean_inter_arrival_ms": 0.006168908545426983,
  "p95_inter_arrival_ms": 0.001925,
  "inter_arrival_jitter_ms": 0.3573531166231512
}
