{
  "run_id": "synthetic-backpressure-rmqs-p1024-c8-rep3",
  "stage": "sink",
  "completed": true,
  "messages_received": 20000,
  "bytes_received": 20480000,
  "duration_seconds": 56.612963249,
  "throughput_messages_per_second": 353.27597871947245,
  "throughput_megabytes_per_second": 0.3449960729682348,
  "p50_latency_ms": 12805.681555,
  "p95_latency_ms": 16334.335372,
  "p99_latency_ms": 16508.110343,
  "max_latency_ms": 28487.010215,
  "started_at_unix_nano": 1776605924727163941,
  "finished_at_unix_nano": 1776605981092913288,
  "transport_mode": "rabbitmq-streams",
  "mean_inter_arrival_ms": 2.5458661481073994,
  "p95_inter_arrival_ms": 8.903216,
  "inter_arrival_jitter_ms": 9.225446245461093
}
