{
  "run_id": "synthetic-clean-stream-p256-c4-rep2",
  "stage": "sink",
  "completed": true,
  "messages_received": 20000,
  "bytes_received": 5120000,
  "duration_seconds": 0.158485937,
  "throughput_messages_per_second": 126194.16194636878,
  "throughput_megabytes_per_second": 30.80912156893769,
  "p50_latency_ms": 17.201805,
  "p95_latency_ms": 76.952172,
  "p99_latency_ms": 79.573839,
  "max_latency_ms": 80.964973,
  "started_at_unix_nano": 1776719205599989084,
  "finished_at_unix_nano": 1776719205710844457,
  "transport_mode": "client-streaming",
  "mean_inter_arrival_ms": 0.00554304580229012,
  "p95_inter_arrival_ms": 0.0022,
  "inter_arrival_jitter_ms": 0.4009874348109519
}
