{
  "run_id": "synthetic-backpressure-unary-p1024-c8",
  "stage": "sink",
  "completed": true,
  "messages_received": 20000,
  "bytes_received": 20480000,
  "duration_seconds": 8.623285519,
  "throughput_messages_per_second": 2319.30161142563,
  "throughput_megabytes_per_second": 2.264942979907842,
  "p50_latency_ms": 0.446508,
  "p95_latency_ms": 0.882841,
  "p99_latency_ms": 1.961483,
  "max_latency_ms": 37.510821,
  "started_at_unix_nano": 1776421550180093954,
  "finished_at_unix_nano": 1776421558742258438,
  "transport_mode": "unary",
  "mean_inter_arrival_ms": 0.42812963068153864,
  "p95_inter_arrival_ms": 3.20595,
  "inter_arrival_jitter_ms": 1.1573867059472847
}
