{
  "run_id": "synthetic-clean-stream-p256-c8-rep2",
  "stage": "sink",
  "completed": true,
  "messages_received": 20000,
  "bytes_received": 5120000,
  "duration_seconds": 0.17761391,
  "throughput_messages_per_second": 112603.79325020207,
  "throughput_megabytes_per_second": 27.491160461475115,
  "p50_latency_ms": 22.96562,
  "p95_latency_ms": 74.92147,
  "p99_latency_ms": 78.677695,
  "max_latency_ms": 85.83173,
  "started_at_unix_nano": 1776719251483470422,
  "finished_at_unix_nano": 1776719251607994383,
  "transport_mode": "client-streaming",
  "mean_inter_arrival_ms": 0.006226509375468565,
  "p95_inter_arrival_ms": 0.002475,
  "inter_arrival_jitter_ms": 0.4230663759981342
}
