{
  "run_id": "synthetic-clean-unary-p256-c16-rep1",
  "stage": "sink",
  "completed": true,
  "messages_received": 20000,
  "bytes_received": 5120000,
  "duration_seconds": 2.966134134,
  "throughput_messages_per_second": 6742.783399693684,
  "throughput_megabytes_per_second": 1.6461873534408409,
  "p50_latency_ms": 0.5114,
  "p95_latency_ms": 1.2096,
  "p99_latency_ms": 24.256099,
  "max_latency_ms": 65.383697,
  "started_at_unix_nano": 1776717457304571273,
  "finished_at_unix_nano": 1776717460210018210,
  "transport_mode": "unary",
  "mean_inter_arrival_ms": 0.14527961083054552,
  "p95_inter_arrival_ms": 0.4845,
  "inter_arrival_jitter_ms": 2.108913699313082
}
