{
  "run_id": "synthetic-backpressure-unary-p1024-c8-rep3",
  "stage": "sink",
  "completed": true,
  "messages_received": 20000,
  "bytes_received": 20480000,
  "duration_seconds": 11.404261753,
  "throughput_messages_per_second": 1753.7303538950084,
  "throughput_megabytes_per_second": 1.7126272987255942,
  "p50_latency_ms": 0.45595,
  "p95_latency_ms": 0.9042,
  "p99_latency_ms": 1.706558,
  "max_latency_ms": 27.955025,
  "started_at_unix_nano": 1776102855482658097,
  "finished_at_unix_nano": 1776102866839333131,
  "transport_mode": "unary",
  "mean_inter_arrival_ms": 0.4315651997099956,
  "p95_inter_arrival_ms": 3.248115,
  "inter_arrival_jitter_ms": 1.1518542264125697
}
