{
  "run_id": "synthetic-continuous-rmqs-p1024-c4-rep2",
  "stage": "sink",
  "completed": true,
  "messages_received": 20000,
  "bytes_received": 20480000,
  "duration_seconds": 48.463567489,
  "throughput_messages_per_second": 412.68113422602437,
  "throughput_megabytes_per_second": 0.4030089201426019,
  "p50_latency_ms": 12313.166376,
  "p95_latency_ms": 13078.338512,
  "p99_latency_ms": 13924.097518,
  "max_latency_ms": 14203.987306,
  "started_at_unix_nano": 1776605335908908099,
  "finished_at_unix_nano": 1776605384312341335,
  "transport_mode": "rabbitmq-streams",
  "mean_inter_arrival_ms": 2.28387445277265,
  "p95_inter_arrival_ms": 2.5883,
  "inter_arrival_jitter_ms": 9.897110214481781
}
