{
  "run_id": "synthetic-continuous-rmqs-p1024-c4-rep3",
  "stage": "sink",
  "completed": true,
  "messages_received": 20000,
  "bytes_received": 20480000,
  "duration_seconds": 52.004694443,
  "throughput_messages_per_second": 384.58066553820635,
  "throughput_megabytes_per_second": 0.37556705618965464,
  "p50_latency_ms": 10888.368024,
  "p95_latency_ms": 15813.05328,
  "p99_latency_ms": 15885.097784,
  "max_latency_ms": 30751.307434,
  "started_at_unix_nano": 1776605514732807123,
  "finished_at_unix_nano": 1776605566669587380,
  "transport_mode": "rabbitmq-streams",
  "mean_inter_arrival_ms": 2.3244217212860656,
  "p95_inter_arrival_ms": 2.915275,
  "inter_arrival_jitter_ms": 9.186895579199833
}
