{
  "run_id": "synthetic-clean-stream-p1024-c1-rep3",
  "stage": "sink",
  "completed": true,
  "messages_received": 20000,
  "bytes_received": 20480000,
  "duration_seconds": 0.432246073,
  "throughput_messages_per_second": 46269.9403170749,
  "throughput_megabytes_per_second": 45.185488590893456,
  "p50_latency_ms": 3.027749,
  "p95_latency_ms": 39.865922,
  "p99_latency_ms": 90.432369,
  "max_latency_ms": 93.960985,
  "started_at_unix_nano": 1776721708804286048,
  "finished_at_unix_nano": 1776721709174287983,
  "transport_mode": "client-streaming",
  "mean_inter_arrival_ms": 0.018501021801090523,
  "p95_inter_arrival_ms": 0.004583,
  "inter_arrival_jitter_ms": 0.6254843675874842
}
