{
  "run_id": "synthetic-clean-unary-p16384-c8-rep2",
  "stage": "sink",
  "completed": true,
  "messages_received": 20000,
  "bytes_received": 327680000,
  "duration_seconds": 6.606781282,
  "throughput_messages_per_second": 3027.1926898033494,
  "throughput_megabytes_per_second": 47.299885778177334,
  "p50_latency_ms": 0.513425,
  "p95_latency_ms": 1.387009,
  "p99_latency_ms": 57.923523,
  "max_latency_ms": 70.84229,
  "started_at_unix_nano": 1776720310581944810,
  "finished_at_unix_nano": 1776720317137147369,
  "transport_mode": "unary",
  "mean_inter_arrival_ms": 0.32777651677584047,
  "p95_inter_arrival_ms": 0.706292,
  "inter_arrival_jitter_ms": 3.5195692976599546
}
