{
  "run_id": "synthetic-backpressure-stream-p1024-c8",
  "stage": "sink",
  "completed": true,
  "messages_received": 20000,
  "bytes_received": 20480000,
  "duration_seconds": 5.6763666839999996,
  "throughput_messages_per_second": 3523.3805554482747,
  "throughput_megabytes_per_second": 3.4408013236799557,
  "p50_latency_ms": 1341.053761,
  "p95_latency_ms": 1608.506173,
  "p99_latency_ms": 1681.427182,
  "max_latency_ms": 1707.295146,
  "started_at_unix_nano": 1776421502996491550,
  "finished_at_unix_nano": 1776421508594114651,
  "transport_mode": "client-streaming",
  "mean_inter_arrival_ms": 0.27989514985749064,
  "p95_inter_arrival_ms": 2.123,
  "inter_arrival_jitter_ms": 0.6542376311614337
}
