{
  "run_id": "synthetic-clean-stream-p1024-c1-rep1",
  "stage": "sink",
  "completed": true,
  "messages_received": 20000,
  "bytes_received": 20480000,
  "duration_seconds": 0.322680616,
  "throughput_messages_per_second": 61980.79155768068,
  "throughput_megabytes_per_second": 60.528116755547536,
  "p50_latency_ms": 3.099094,
  "p95_latency_ms": 23.447957,
  "p99_latency_ms": 25.986353,
  "max_latency_ms": 30.693645,
  "started_at_unix_nano": 1776716913682236040,
  "finished_at_unix_nano": 1776716913953048950,
  "transport_mode": "client-streaming",
  "mean_inter_arrival_ms": 0.013541322566128593,
  "p95_inter_arrival_ms": 0.0051,
  "inter_arrival_jitter_ms": 0.30681638937429967
}
