{
  "run_id": "synthetic-clean-rmqs-p1024-c16-rep1",
  "stage": "sink",
  "completed": true,
  "messages_received": 20000,
  "bytes_received": 20480000,
  "duration_seconds": 40.4626516,
  "throughput_messages_per_second": 494.2829797145573,
  "throughput_megabytes_per_second": 0.4826982223774974,
  "p50_latency_ms": 118.367233,
  "p95_latency_ms": 279.62328,
  "p99_latency_ms": 2910.807854,
  "max_latency_ms": 19368.067202,
  "started_at_unix_nano": 1776718497692527902,
  "finished_at_unix_nano": 1776718537938791734,
  "transport_mode": "rabbitmq-streams",
  "mean_inter_arrival_ms": 1.7403193733186582,
  "p95_inter_arrival_ms": 2.813892,
  "inter_arrival_jitter_ms": 8.900451726518696
}
