{
  "run_id": "synthetic-continuous-stream-p1024-c4-rep3",
  "stage": "sink",
  "completed": true,
  "messages_received": 20000,
  "bytes_received": 20480000,
  "duration_seconds": 21.777007628,
  "throughput_messages_per_second": 918.3998252489384,
  "throughput_megabytes_per_second": 0.8968748293446664,
  "p50_latency_ms": 0.273991,
  "p95_latency_ms": 15.008303,
  "p99_latency_ms": 22.877151,
  "max_latency_ms": 7288.805656,
  "started_at_unix_nano": 1776102463442601199,
  "finished_at_unix_nano": 1776102485151515456,
  "transport_mode": "client-streaming",
  "mean_inter_arrival_ms": 0.9491373711685627,
  "p95_inter_arrival_ms": 1.625341,
  "inter_arrival_jitter_ms": 0.6757887109788323
}
