{
  "run_id": "synthetic-recovery-unary-p4096-c8-rep1",
  "stage": "sink",
  "completed": true,
  "messages_received": 20000,
  "bytes_received": 81920000,
  "duration_seconds": 33.998083167,
  "throughput_messages_per_second": 588.2684591881009,
  "throughput_megabytes_per_second": 2.297923668703519,
  "p50_latency_ms": 0.499767,
  "p95_latency_ms": 4.576182,
  "p99_latency_ms": 48.774627,
  "max_latency_ms": 25552.94458,
  "started_at_unix_nano": 1776103300316057051,
  "finished_at_unix_nano": 1776103334266810990,
  "transport_mode": "unary",
  "mean_inter_arrival_ms": 1.5613528509925485,
  "p95_inter_arrival_ms": 0.931883,
  "inter_arrival_jitter_ms": 161.44588244284404
}
