{
  "run_id": "synthetic-clean-unary-p4096-c16-rep2",
  "stage": "sink",
  "completed": true,
  "messages_received": 20000,
  "bytes_received": 81920000,
  "duration_seconds": 4.095222181,
  "throughput_messages_per_second": 4883.739908616207,
  "throughput_megabytes_per_second": 19.077109018032058,
  "p50_latency_ms": 0.516816,
  "p95_latency_ms": 2.497091,
  "p99_latency_ms": 45.179289,
  "max_latency_ms": 54.357598,
  "started_at_unix_nano": 1776720186900172097,
  "finished_at_unix_nano": 1776720190944238047,
  "transport_mode": "unary",
  "mean_inter_arrival_ms": 0.20221340817040828,
  "p95_inter_arrival_ms": 0.454759,
  "inter_arrival_jitter_ms": 2.197071216519456
}
