{
  "run_id": "synthetic-continuous-stream-p1024-c4",
  "stage": "sink",
  "completed": true,
  "messages_received": 20000,
  "bytes_received": 20480000,
  "duration_seconds": 19.747913495,
  "throughput_messages_per_second": 1012.7652222632952,
  "throughput_megabytes_per_second": 0.9890285373664992,
  "p50_latency_ms": 0.3223,
  "p95_latency_ms": 9.192901,
  "p99_latency_ms": 19.431302,
  "max_latency_ms": 22.261402,
  "started_at_unix_nano": 1776420446795415708,
  "finished_at_unix_nano": 1776420466418940188,
  "transport_mode": "client-streaming",
  "mean_inter_arrival_ms": 0.9491455702785107,
  "p95_inter_arrival_ms": 2.1384,
  "inter_arrival_jitter_ms": 0.9153047053721155
}
