{
  "run_id": "synthetic-clean-stream-p256-c16-rep1",
  "stage": "sink",
  "completed": true,
  "messages_received": 20000,
  "bytes_received": 5120000,
  "duration_seconds": 0.158135621,
  "throughput_messages_per_second": 126473.71840402739,
  "throughput_megabytes_per_second": 30.87737265723325,
  "p50_latency_ms": 19.504615,
  "p95_latency_ms": 52.482646,
  "p99_latency_ms": 53.852511,
  "max_latency_ms": 55.768799,
  "started_at_unix_nano": 1776716882631467100,
  "finished_at_unix_nano": 1776716882717403802,
  "transport_mode": "client-streaming",
  "mean_inter_arrival_ms": 0.0042970499524975555,
  "p95_inter_arrival_ms": 0.004125,
  "inter_arrival_jitter_ms": 0.2861849658317235
}
