{
  "run_id": "synthetic-clean-stream-p16384-c16-rep1",
  "stage": "sink",
  "completed": true,
  "messages_received": 20000,
  "bytes_received": 327680000,
  "duration_seconds": 4.449883606,
  "throughput_messages_per_second": 4494.499580400935,
  "throughput_megabytes_per_second": 70.22655594376461,
  "p50_latency_ms": 31.80109,
  "p95_latency_ms": 193.993514,
  "p99_latency_ms": 19142.316767,
  "max_latency_ms": 19146.6295,
  "started_at_unix_nano": 1776717277234293247,
  "finished_at_unix_nano": 1776717281637408339,
  "transport_mode": "client-streaming",
  "mean_inter_arrival_ms": 0.08386569068453488,
  "p95_inter_arrival_ms": 0.087817,
  "inter_arrival_jitter_ms": 1.944637202051631
}
