{
  "run_id": "synthetic-clean-rmqs-p4096-c8-rep2",
  "stage": "sink",
  "completed": true,
  "messages_received": 20000,
  "bytes_received": 81920000,
  "duration_seconds": 43.905944801,
  "throughput_messages_per_second": 455.5191806177573,
  "throughput_megabytes_per_second": 1.7793717992881144,
  "p50_latency_ms": 115.185486,
  "p95_latency_ms": 285.833429,
  "p99_latency_ms": 407.408632,
  "max_latency_ms": 19238.613403,
  "started_at_unix_nano": 1776721097624743445,
  "finished_at_unix_nano": 1776721141437604875,
  "transport_mode": "rabbitmq-streams",
  "mean_inter_arrival_ms": 2.004588043802187,
  "p95_inter_arrival_ms": 3.652917,
  "inter_arrival_jitter_ms": 8.931637134704586
}
