{
  "run_id": "synthetic-clean-unary-p16384-c16-rep2",
  "stage": "sink",
  "completed": true,
  "messages_received": 20000,
  "bytes_received": 327680000,
  "duration_seconds": 5.49834826,
  "throughput_messages_per_second": 3637.4560239296297,
  "throughput_megabytes_per_second": 56.835250373900465,
  "p50_latency_ms": 0.682275,
  "p95_latency_ms": 5.740075,
  "p99_latency_ms": 57.003465,
  "max_latency_ms": 67.853039,
  "started_at_unix_nano": 1776720344930762230,
  "finished_at_unix_nano": 1776720350377693925,
  "transport_mode": "unary",
  "mean_inter_arrival_ms": 0.2723602027601403,
  "p95_inter_arrival_ms": 0.501784,
  "inter_arrival_jitter_ms": 2.9655645362655885
}
