{
  "run_id": "synthetic-backpressure-rmqs-p1024-c8-rep2",
  "stage": "sink",
  "completed": true,
  "messages_received": 20000,
  "bytes_received": 20480000,
  "duration_seconds": 57.339578532,
  "throughput_messages_per_second": 348.7992153419549,
  "throughput_megabytes_per_second": 0.3406242337323778,
  "p50_latency_ms": 12023.569927,
  "p95_latency_ms": 16627.040546,
  "p99_latency_ms": 16755.976584,
  "max_latency_ms": 27405.134413,
  "started_at_unix_nano": 1776605826358729632,
  "finished_at_unix_nano": 1776605883541486851,
  "transport_mode": "rabbitmq-streams",
  "mean_inter_arrival_ms": 2.5867322004100264,
  "p95_inter_arrival_ms": 5.571041,
  "inter_arrival_jitter_ms": 9.845774701462663
}
