{
  "run_id": "synthetic-clean-stream-p16384-c1-rep2",
  "stage": "sink",
  "completed": true,
  "messages_received": 20000,
  "bytes_received": 327680000,
  "duration_seconds": 4.577281539,
  "throughput_messages_per_second": 4369.405689729412,
  "throughput_megabytes_per_second": 68.27196390202207,
  "p50_latency_ms": 1.686484,
  "p95_latency_ms": 64.371639,
  "p99_latency_ms": 75.853899,
  "max_latency_ms": 18936.391751,
  "started_at_unix_nano": 1776719588680781302,
  "finished_at_unix_nano": 1776719593207582278,
  "transport_mode": "client-streaming",
  "mean_inter_arrival_ms": 0.09004798029901671,
  "p95_inter_arrival_ms": 0.157758,
  "inter_arrival_jitter_ms": 1.9810061708153366
}
