{
  "run_id": "synthetic-continuous-rmqs-p1024-c8-rep1",
  "stage": "sink",
  "completed": true,
  "messages_received": 20000,
  "bytes_received": 20480000,
  "duration_seconds": 48.816346635,
  "throughput_messages_per_second": 409.6988279262287,
  "throughput_megabytes_per_second": 0.40009651164670773,
  "p50_latency_ms": 10356.53556,
  "p95_latency_ms": 13989.471652,
  "p99_latency_ms": 14067.489062,
  "max_latency_ms": 14147.001837,
  "started_at_unix_nano": 1776605253852570398,
  "finished_at_unix_nano": 1776605302553999492,
  "transport_mode": "rabbitmq-streams",
  "mean_inter_arrival_ms": 2.2513057008350335,
  "p95_inter_arrival_ms": 5.208666,
  "inter_arrival_jitter_ms": 8.635706552548204
}
