{
  "run_id": "synthetic-continuous-stream-p1024-c8-rep1",
  "stage": "sink",
  "completed": true,
  "messages_received": 20000,
  "bytes_received": 20480000,
  "duration_seconds": 21.763397104,
  "throughput_messages_per_second": 918.9741796479054,
  "throughput_megabytes_per_second": 0.8974357223124076,
  "p50_latency_ms": 0.310292,
  "p95_latency_ms": 16.977212,
  "p99_latency_ms": 25.896926,
  "max_latency_ms": 30.943998,
  "started_at_unix_nano": 1776102070765878715,
  "finished_at_unix_nano": 1776102092476384443,
  "transport_mode": "client-streaming",
  "mean_inter_arrival_ms": 0.949217432221612,
  "p95_inter_arrival_ms": 1.775124,
  "inter_arrival_jitter_ms": 0.9713559367060084
}
