{
  "run_id": "synthetic-clean-unary-p4096-c16-rep1",
  "stage": "sink",
  "completed": true,
  "messages_received": 20000,
  "bytes_received": 81920000,
  "duration_seconds": 6.395642891,
  "throughput_messages_per_second": 3127.1289440103296,
  "throughput_megabytes_per_second": 12.21534743754035,
  "p50_latency_ms": 0.488034,
  "p95_latency_ms": 1.477942,
  "p99_latency_ms": 47.810127,
  "max_latency_ms": 19046.116968,
  "started_at_unix_nano": 1776717787964856348,
  "finished_at_unix_nano": 1776717794308760370,
  "transport_mode": "unary",
  "mean_inter_arrival_ms": 0.1808414514725733,
  "p95_inter_arrival_ms": 0.40425,
  "inter_arrival_jitter_ms": 2.1869919411663945
}
