{
  "run_id": "synthetic-recovery-stream-p4096-c8-rep1",
  "stage": "sink",
  "completed": true,
  "messages_received": 20000,
  "bytes_received": 81920000,
  "duplicates": 10050,
  "duration_seconds": 16.793667445,
  "throughput_messages_per_second": 1190.925095158689,
  "throughput_megabytes_per_second": 4.652051152963629,
  "p50_latency_ms": 0.303416,
  "p95_latency_ms": 9.537364,
  "p99_latency_ms": 76.013185,
  "max_latency_ms": 7246.15517,
  "started_at_unix_nano": 1776103248611492037,
  "finished_at_unix_nano": 1776103265362440537,
  "transport_mode": "client-streaming",
  "mean_inter_arrival_ms": 0.46672221618023807,
  "p95_inter_arrival_ms": 1.537342,
  "inter_arrival_jitter_ms": 0.7714532214145389
}
