{
  "run_id": "synthetic-continuous-rmqs-p1024-c8-rep3",
  "stage": "sink",
  "completed": true,
  "messages_received": 20000,
  "bytes_received": 20480000,
  "duration_seconds": 68.895673806,
  "throughput_messages_per_second": 290.29398937757736,
  "throughput_megabytes_per_second": 0.2834902240015404,
  "p50_latency_ms": 14291.216353,
  "p95_latency_ms": 22219.624481,
  "p99_latency_ms": 22425.600041,
  "max_latency_ms": 22526.720204,
  "started_at_unix_nano": 1776605597903939161,
  "finished_at_unix_nano": 1776605666646166626,
  "transport_mode": "rabbitmq-streams",
  "mean_inter_arrival_ms": 3.1647284214710636,
  "p95_inter_arrival_ms": 5.92295,
  "inter_arrival_jitter_ms": 12.052396370730959
}
