{
  "run_id": "synthetic-continuous-unary-p1024-c8",
  "stage": "sink",
  "completed": true,
  "messages_received": 20000,
  "bytes_received": 20480000,
  "duration_seconds": 21.77933397,
  "throughput_messages_per_second": 918.3017271119976,
  "throughput_megabytes_per_second": 0.8967790303828101,
  "p50_latency_ms": 0.395267,
  "p95_latency_ms": 8.035224,
  "p99_latency_ms": 16.998756,
  "max_latency_ms": 14619.380132,
  "started_at_unix_nano": 1776420608500983843,
  "finished_at_unix_nano": 1776420630225428369,
  "transport_mode": "unary",
  "mean_inter_arrival_ms": 0.9499390312515661,
  "p95_inter_arrival_ms": 2.136658,
  "inter_arrival_jitter_ms": 1.8852372357465952
}
