{
  "run_id": "synthetic-clean-stream-p1024-c16-rep3",
  "stage": "sink",
  "completed": true,
  "messages_received": 20000,
  "bytes_received": 20480000,
  "duration_seconds": 0.367721085,
  "throughput_messages_per_second": 54389.04869977744,
  "throughput_megabytes_per_second": 53.11430537087641,
  "p50_latency_ms": 67.065529,
  "p95_latency_ms": 111.765585,
  "p99_latency_ms": 171.029639,
  "max_latency_ms": 177.19578,
  "started_at_unix_nano": 1776721806875519119,
  "finished_at_unix_nano": 1776721807198394398,
  "transport_mode": "client-streaming",
  "mean_inter_arrival_ms": 0.01614456662833193,
  "p95_inter_arrival_ms": 0.005958,
  "inter_arrival_jitter_ms": 0.6789854596918492
}
