{
  "run_id": "synthetic-clean-stream-p4096-c16-rep3",
  "stage": "sink",
  "completed": true,
  "messages_received": 20000,
  "bytes_received": 81920000,
  "duration_seconds": 2.192504991,
  "throughput_messages_per_second": 9121.986076245152,
  "throughput_megabytes_per_second": 35.632758110332624,
  "p50_latency_ms": 84.672129,
  "p95_latency_ms": 18998.455295,
  "p99_latency_ms": 19398.584856,
  "max_latency_ms": 19488.265284,
  "started_at_unix_nano": 1776721934511834218,
  "finished_at_unix_nano": 1776721936588145299,
  "transport_mode": "client-streaming",
  "mean_inter_arrival_ms": 0.0756602067103372,
  "p95_inter_arrival_ms": 0.046567,
  "inter_arrival_jitter_ms": 1.7730192087926433
}
