{
  "run_id": "synthetic-clean-unary-p4096-c4-rep2",
  "stage": "sink",
  "completed": true,
  "messages_received": 20000,
  "bytes_received": 81920000,
  "duration_seconds": 10.289815631,
  "throughput_messages_per_second": 1943.669422000745,
  "throughput_megabytes_per_second": 7.59245867969041,
  "p50_latency_ms": 0.355208,
  "p95_latency_ms": 0.760192,
  "p99_latency_ms": 24.768515,
  "max_latency_ms": 18950.002734,
  "started_at_unix_nano": 1776720102379958102,
  "finished_at_unix_nano": 1776720112627568384,
  "transport_mode": "unary",
  "mean_inter_arrival_ms": 0.37606381979099074,
  "p95_inter_arrival_ms": 0.698317,
  "inter_arrival_jitter_ms": 2.8668001021353215
}
