{
  "run_id": "synthetic-clean-rmqs-p16384-c4-rep2",
  "stage": "sink",
  "completed": true,
  "messages_received": 20000,
  "bytes_received": 327680000,
  "duration_seconds": 44.069231448,
  "throughput_messages_per_second": 453.83137719565707,
  "throughput_megabytes_per_second": 7.091115268682142,
  "p50_latency_ms": 221.247491,
  "p95_latency_ms": 626.211275,
  "p99_latency_ms": 789.307535,
  "max_latency_ms": 19130.117318,
  "started_at_unix_nano": 1776721343861248509,
  "finished_at_unix_nano": 1776721387842780360,
  "transport_mode": "rabbitmq-streams",
  "mean_inter_arrival_ms": 2.1504573830691576,
  "p95_inter_arrival_ms": 2.739642,
  "inter_arrival_jitter_ms": 9.394403623485857
}
