{
  "run_id": "synthetic-clean-unary-p1024-c4-rep2",
  "stage": "sink",
  "completed": true,
  "messages_received": 20000,
  "bytes_received": 20480000,
  "duration_seconds": 8.94187555,
  "throughput_messages_per_second": 2236.6672280515018,
  "throughput_megabytes_per_second": 2.1842453398940447,
  "p50_latency_ms": 0.3821,
  "p95_latency_ms": 0.8169,
  "p99_latency_ms": 17.436798,
  "max_latency_ms": 18953.24288,
  "started_at_unix_nano": 1776719944625169359,
  "finished_at_unix_nano": 1776719953520417379,
  "transport_mode": "unary",
  "mean_inter_arrival_ms": 0.3903481013050735,
  "p95_inter_arrival_ms": 0.7948,
  "inter_arrival_jitter_ms": 2.481886604781458
}
