{
  "run_id": "synthetic-clean-rmqs-p16384-c1-rep2",
  "stage": "sink",
  "completed": true,
  "messages_received": 20000,
  "bytes_received": 327680000,
  "duration_seconds": 51.657640821,
  "throughput_messages_per_second": 387.1644094104574,
  "throughput_megabytes_per_second": 6.049443897038397,
  "p50_latency_ms": 263.137771,
  "p95_latency_ms": 525.856902,
  "p99_latency_ms": 3037.97761,
  "max_latency_ms": 19228.235458,
  "started_at_unix_nano": 1776721259141398933,
  "finished_at_unix_nano": 1776721310757261390,
  "transport_mode": "rabbitmq-streams",
  "mean_inter_arrival_ms": 2.3084355933796705,
  "p95_inter_arrival_ms": 3.65695,
  "inter_arrival_jitter_ms": 8.780092941557827
}
