{
  "run_id": "synthetic-clean-stream-p1024-c16-rep2",
  "stage": "sink",
  "completed": true,
  "messages_received": 20000,
  "bytes_received": 20480000,
  "duration_seconds": 0.345764352,
  "throughput_messages_per_second": 57842.86287558065,
  "throughput_megabytes_per_second": 56.48717077693423,
  "p50_latency_ms": 42.928206,
  "p95_latency_ms": 117.551918,
  "p99_latency_ms": 157.665823,
  "max_latency_ms": 162.357124,
  "started_at_unix_nano": 1776719415024576745,
  "finished_at_unix_nano": 1776719415320392790,
  "transport_mode": "client-streaming",
  "mean_inter_arrival_ms": 0.014791536826841336,
  "p95_inter_arrival_ms": 0.006,
  "inter_arrival_jitter_ms": 0.541257077584136
}
