{
  "run_id": "synthetic-clean-rmqs-p4096-c16-rep1",
  "stage": "sink",
  "completed": true,
  "messages_received": 20000,
  "bytes_received": 81920000,
  "duration_seconds": 43.00482644,
  "throughput_messages_per_second": 465.0640789796895,
  "throughput_megabytes_per_second": 1.816656558514412,
  "p50_latency_ms": 206.269801,
  "p95_latency_ms": 395.684668,
  "p99_latency_ms": 503.914768,
  "max_latency_ms": 19466.959736,
  "started_at_unix_nano": 1776718770756846367,
  "finished_at_unix_nano": 1776718813485218973,
  "transport_mode": "rabbitmq-streams",
  "mean_inter_arrival_ms": 2.0002624838741694,
  "p95_inter_arrival_ms": 3.4331,
  "inter_arrival_jitter_ms": 9.266878870233576
}
