{
  "run_id": "synthetic-clean-stream-p4096-c8-rep3",
  "stage": "sink",
  "completed": true,
  "messages_received": 20000,
  "bytes_received": 81920000,
  "duration_seconds": 0.69878372,
  "throughput_messages_per_second": 28621.15906191976,
  "throughput_megabytes_per_second": 111.80140258562406,
  "p50_latency_ms": 105.002243,
  "p95_latency_ms": 292.150655,
  "p99_latency_ms": 298.100555,
  "max_latency_ms": 351.452298,
  "started_at_unix_nano": 1776721902509009544,
  "finished_at_unix_nano": 1776721903157985905,
  "transport_mode": "client-streaming",
  "mean_inter_arrival_ms": 0.03245044057203054,
  "p95_inter_arrival_ms": 0.019525,
  "inter_arrival_jitter_ms": 1.239356868660269
}
