{
  "run_id": "synthetic-clean-unary-p16384-c1-rep1",
  "stage": "sink",
  "completed": true,
  "messages_received": 20000,
  "bytes_received": 327680000,
  "duration_seconds": 24.287693686,
  "throughput_messages_per_second": 823.4622957028016,
  "throughput_megabytes_per_second": 12.866598370356275,
  "p50_latency_ms": 0.28765,
  "p95_latency_ms": 0.608942,
  "p99_latency_ms": 2.600309,
  "max_latency_ms": 56.125578,
  "started_at_unix_nano": 1776717821258910426,
  "finished_at_unix_nano": 1776717845500998110,
  "transport_mode": "unary",
  "mean_inter_arrival_ms": 1.075952711235567,
  "p95_inter_arrival_ms": 1.195334,
  "inter_arrival_jitter_ms": 4.093989070898267
}
