{
  "run_id": "synthetic-clean-stream-p1024-c1-rep2",
  "stage": "sink",
  "completed": true,
  "messages_received": 20000,
  "bytes_received": 20480000,
  "duration_seconds": 0.334370442,
  "throughput_messages_per_second": 59813.899459450426,
  "throughput_megabytes_per_second": 58.412011190869556,
  "p50_latency_ms": 3.870534,
  "p95_latency_ms": 11.394902,
  "p99_latency_ms": 49.527415,
  "max_latency_ms": 51.116733,
  "started_at_unix_nano": 1776719316404926683,
  "finished_at_unix_nano": 1776719316692358651,
  "transport_mode": "client-streaming",
  "mean_inter_arrival_ms": 0.014372317015851673,
  "p95_inter_arrival_ms": 0.005958,
  "inter_arrival_jitter_ms": 0.3727623076418705
}
