{
  "run_id": "synthetic-clean-unary-p1024-c1-rep2",
  "stage": "sink",
  "completed": true,
  "messages_received": 20000,
  "bytes_received": 20480000,
  "duration_seconds": 23.903852612,
  "throughput_messages_per_second": 836.6852124062954,
  "throughput_megabytes_per_second": 0.8170754027405228,
  "p50_latency_ms": 0.260059,
  "p95_latency_ms": 0.545599,
  "p99_latency_ms": 2.725708,
  "max_latency_ms": 47.160559,
  "started_at_unix_nano": 1776719878736955959,
  "finished_at_unix_nano": 1776719902594482637,
  "transport_mode": "unary",
  "mean_inter_arrival_ms": 1.0566343944697234,
  "p95_inter_arrival_ms": 1.150141,
  "inter_arrival_jitter_ms": 3.9986340218294956
}
