{
  "run_id": "synthetic-clean-rmqs-p16384-c8-rep2",
  "stage": "sink",
  "completed": true,
  "messages_received": 20000,
  "bytes_received": 327680000,
  "duration_seconds": 47.559037005,
  "throughput_messages_per_second": 420.5299614854975,
  "throughput_megabytes_per_second": 6.570780648210898,
  "p50_latency_ms": 280.788826,
  "p95_latency_ms": 501.891381,
  "p99_latency_ms": 3005.649649,
  "max_latency_ms": 19327.937903,
  "started_at_unix_nano": 1776721420353494733,
  "finished_at_unix_nano": 1776721467803032610,
  "transport_mode": "rabbitmq-streams",
  "mean_inter_arrival_ms": 2.1000038585429093,
  "p95_inter_arrival_ms": 2.841575,
  "inter_arrival_jitter_ms": 9.640475849062259
}
