{
  "run_id": "synthetic-clean-stream-p4096-c1-rep1",
  "stage": "sink",
  "completed": true,
  "messages_received": 20000,
  "bytes_received": 81920000,
  "duration_seconds": 0.588766616,
  "throughput_messages_per_second": 33969.317309254504,
  "throughput_megabytes_per_second": 132.6926457392754,
  "p50_latency_ms": 2.361609,
  "p95_latency_ms": 34.143545,
  "p99_latency_ms": 70.184956,
  "max_latency_ms": 76.183715,
  "started_at_unix_nano": 1776717038800523904,
  "finished_at_unix_nano": 1776717039339581333,
  "transport_mode": "client-streaming",
  "mean_inter_arrival_ms": 0.026954219160957835,
  "p95_inter_arrival_ms": 0.015767,
  "inter_arrival_jitter_ms": 0.9059702827596047
}
