{
  "run_id": "synthetic-clean-stream-p1024-c16-rep1",
  "stage": "sink",
  "completed": true,
  "messages_received": 20000,
  "bytes_received": 20480000,
  "duration_seconds": 0.282262132,
  "throughput_messages_per_second": 70856.12178398766,
  "throughput_megabytes_per_second": 69.19543142967545,
  "p50_latency_ms": 15.885468,
  "p95_latency_ms": 76.568074,
  "p99_latency_ms": 83.960165,
  "max_latency_ms": 85.417757,
  "started_at_unix_nano": 1776717007856919710,
  "finished_at_unix_nano": 1776717008085224546,
  "transport_mode": "client-streaming",
  "mean_inter_arrival_ms": 0.011415812590629648,
  "p95_inter_arrival_ms": 0.004309,
  "inter_arrival_jitter_ms": 0.5332573873448819
}
