{
  "run_id": "synthetic-recovery-rmqs-p4096-c8-rep1",
  "stage": "sink",
  "completed": true,
  "messages_received": 20000,
  "bytes_received": 81920000,
  "duplicates": 577,
  "duration_seconds": 63.585965712,
  "throughput_messages_per_second": 314.5348156004428,
  "throughput_megabytes_per_second": 1.2286516234392297,
  "p50_latency_ms": 18703.028319,
  "p95_latency_ms": 21814.47297,
  "p99_latency_ms": 21907.975167,
  "max_latency_ms": 36677.715401,
  "started_at_unix_nano": 1776606036798855488,
  "finished_at_unix_nano": 1776606100248953787,
  "transport_mode": "rabbitmq-streams",
  "mean_inter_arrival_ms": 2.8187048712091824,
  "p95_inter_arrival_ms": 4.540158,
  "inter_arrival_jitter_ms": 14.27856602695183
}
