{
  "run_id": "synthetic-clean-unary-p256-c8-rep2",
  "stage": "sink",
  "completed": true,
  "messages_received": 20000,
  "bytes_received": 5120000,
  "duration_seconds": 6.992950582,
  "throughput_messages_per_second": 2860.02307115975,
  "throughput_megabytes_per_second": 0.6982478201073609,
  "p50_latency_ms": 0.401225,
  "p95_latency_ms": 0.796675,
  "p99_latency_ms": 11.634054,
  "max_latency_ms": 18962.664458,
  "started_at_unix_nano": 1776719814959768993,
  "finished_at_unix_nano": 1776719821908493723,
  "transport_mode": "unary",
  "mean_inter_arrival_ms": 0.21112018775938698,
  "p95_inter_arrival_ms": 0.666233,
  "inter_arrival_jitter_ms": 2.2125727905671604
}
