{
  "run_id": "synthetic-clean-rmqs-p16384-c16-rep2",
  "stage": "sink",
  "completed": true,
  "messages_received": 20000,
  "bytes_received": 327680000,
  "duration_seconds": 46.266024596,
  "throughput_messages_per_second": 432.2826561097953,
  "throughput_megabytes_per_second": 6.754416501715552,
  "p50_latency_ms": 198.348139,
  "p95_latency_ms": 387.179079,
  "p99_latency_ms": 498.542156,
  "max_latency_ms": 19118.636014,
  "started_at_unix_nano": 1776721504446509624,
  "finished_at_unix_nano": 1776721550458318368,
  "transport_mode": "rabbitmq-streams",
  "mean_inter_arrival_ms": 2.164469259963001,
  "p95_inter_arrival_ms": 3.387358,
  "inter_arrival_jitter_ms": 9.816911198122703
}
