{
  "run_id": "synthetic-clean-unary-p16384-c1-rep2",
  "stage": "sink",
  "completed": true,
  "messages_received": 20000,
  "bytes_received": 327680000,
  "duration_seconds": 22.307014019,
  "throughput_messages_per_second": 896.5789855587574,
  "throughput_megabytes_per_second": 14.009046649355584,
  "p50_latency_ms": 0.3051,
  "p95_latency_ms": 0.5476,
  "p99_latency_ms": 2.9505,
  "max_latency_ms": 49.028798,
  "started_at_unix_nano": 1776720234343003521,
  "finished_at_unix_nano": 1776720256603641359,
  "transport_mode": "unary",
  "mean_inter_arrival_ms": 1.068847187909398,
  "p95_inter_arrival_ms": 1.0091,
  "inter_arrival_jitter_ms": 3.6960092015909476
}
