{
  "run_id": "synthetic-clean-rmqs-p4096-c4",
  "stage": "sink",
  "completed": true,
  "messages_received": 20000,
  "bytes_received": 81920000,
  "duration_seconds": 57.184859998,
  "throughput_messages_per_second": 349.74292147780875,
  "throughput_megabytes_per_second": 1.3661832870226904,
  "p50_latency_ms": 13283.859001,
  "p95_latency_ms": 15939.563479,
  "p99_latency_ms": 16061.734072,
  "max_latency_ms": 32680.097806,
  "started_at_unix_nano": 1776607507952536755,
  "finished_at_unix_nano": 1776607565062330465,
  "transport_mode": "rabbitmq-streams",
  "mean_inter_arrival_ms": 2.691716553477694,
  "p95_inter_arrival_ms": 7.4583,
  "inter_arrival_jitter_ms": 9.237881624445059
}
