{
  "run_id": "synthetic-clean-unary-p256-c1-rep1",
  "stage": "sink",
  "completed": true,
  "messages_received": 20000,
  "bytes_received": 5120000,
  "duration_seconds": 42.734804456,
  "throughput_messages_per_second": 468.0026094560024,
  "throughput_megabytes_per_second": 0.11425844957421934,
  "p50_latency_ms": 0.30305,
  "p95_latency_ms": 0.910708,
  "p99_latency_ms": 9.856274,
  "max_latency_ms": 47.630181,
  "started_at_unix_nano": 1776717313528006884,
  "finished_at_unix_nano": 1776717337108454034,
  "transport_mode": "unary",
  "mean_inter_arrival_ms": 1.1790813115655743,
  "p95_inter_arrival_ms": 1.923533,
  "inter_arrival_jitter_ms": 3.488530553271883
}
