{
  "run_id": "synthetic-continuous-unary-p1024-c4-rep2",
  "stage": "sink",
  "completed": true,
  "messages_received": 20000,
  "bytes_received": 20480000,
  "duration_seconds": 21.771521644,
  "throughput_messages_per_second": 918.6312434671643,
  "throughput_megabytes_per_second": 0.8971008236984026,
  "p50_latency_ms": 0.355666,
  "p95_latency_ms": 2.050217,
  "p99_latency_ms": 13.455012,
  "max_latency_ms": 7294.544871,
  "started_at_unix_nano": 1776102365198843069,
  "finished_at_unix_nano": 1776102386923985977,
  "transport_mode": "unary",
  "mean_inter_arrival_ms": 0.9499123367668445,
  "p95_inter_arrival_ms": 2.104391,
  "inter_arrival_jitter_ms": 1.9543875359436438
}
