{
  "run_id": "synthetic-clean-stream-p4096-c4-rep3",
  "stage": "sink",
  "completed": true,
  "messages_received": 20000,
  "bytes_received": 81920000,
  "duration_seconds": 0.618242543,
  "throughput_messages_per_second": 32349.76341639433,
  "throughput_megabytes_per_second": 126.36626334529035,
  "p50_latency_ms": 8.316733,
  "p95_latency_ms": 92.272952,
  "p99_latency_ms": 94.91836,
  "max_latency_ms": 98.222852,
  "started_at_unix_nano": 1776721872877302009,
  "finished_at_unix_nano": 1776721873445617201,
  "transport_mode": "client-streaming",
  "mean_inter_arrival_ms": 0.028417180459024378,
  "p95_inter_arrival_ms": 0.013108,
  "inter_arrival_jitter_ms": 1.1383630445598474
}
