{
  "run_id": "synthetic-clean-stream-p1024-c16-rep1",
  "stage": "sink",
  "completed": true,
  "messages_received": 20000,
  "bytes_received": 20480000,
  "duration_seconds": 0.541209275,
  "throughput_messages_per_second": 36954.28168706089,
  "throughput_megabytes_per_second": 36.0881657100204,
  "p50_latency_ms": 61.071248,
  "p95_latency_ms": 199.034306,
  "p99_latency_ms": 203.078362,
  "max_latency_ms": 208.987927,
  "started_at_unix_nano": 1776101461921175961,
  "finished_at_unix_nano": 1776101462401124238,
  "transport_mode": "client-streaming",
  "mean_inter_arrival_ms": 0.023998613780690216,
  "p95_inter_arrival_ms": 0.0165,
  "inter_arrival_jitter_ms": 0.7971003290671822
}
