{
  "run_id": "synthetic-clean-stream-p4096-c16-rep1",
  "stage": "sink",
  "completed": true,
  "messages_received": 20000,
  "bytes_received": 81920000,
  "duration_seconds": 1.092583096,
  "throughput_messages_per_second": 18305.243851219166,
  "throughput_megabytes_per_second": 71.50485879382487,
  "p50_latency_ms": 195.363882,
  "p95_latency_ms": 316.292894,
  "p99_latency_ms": 393.840853,
  "max_latency_ms": 467.756247,
  "started_at_unix_nano": 1776101525420877068,
  "finished_at_unix_nano": 1776101526443900677,
  "transport_mode": "client-streaming",
  "mean_inter_arrival_ms": 0.05115373813690946,
  "p95_inter_arrival_ms": 0.038409,
  "inter_arrival_jitter_ms": 1.3119765697302237
}
