{
  "run_id": "synthetic-clean-stream-p1024-c1-rep1",
  "stage": "sink",
  "completed": true,
  "messages_received": 20000,
  "bytes_received": 20480000,
  "duration_seconds": 0.428364985,
  "throughput_messages_per_second": 46689.15691136614,
  "throughput_megabytes_per_second": 45.594879796255995,
  "p50_latency_ms": 1.854232,
  "p95_latency_ms": 35.414856,
  "p99_latency_ms": 51.570643,
  "max_latency_ms": 52.350818,
  "started_at_unix_nano": 1776101413257931532,
  "finished_at_unix_nano": 1776101413653953777,
  "transport_mode": "client-streaming",
  "mean_inter_arrival_ms": 0.01980209775489002,
  "p95_inter_arrival_ms": 0.005134,
  "inter_arrival_jitter_ms": 0.5610907933718051
}
